snp_id,gene,p_value,q_value,cis_trans,tissue,eqtl_chr,eqtl_pos
rs3724260,Olfr1365,1.6099880912200732e-30,3.285835428624989e-25,unknown,Liver,,
rs13479064,Dusp16,2.846026440980768e-29,1.9361581123024188e-24,cis,Liver,,
D16Mit88,Pdxdc1,1.184794738407895e-28,5.1815474576748495e-24,cis,Liver,,
rs6288584,Pik3c2g,8.555544279038708e-24,3.081364827538581e-19,cis,Liver,,
rs3682400,Tpmt,3.636223980479136e-23,1.2368656272088457e-18,cis,Liver,,
rs33802580,Ifi202b,6.450861961958865e-23,1.880801026272609e-18,cis,Liver,,
rs3685305,Ocel1,1.0808886135292585e-22,3.008171969012665e-18,cis,Liver,,
rs6334078,Cyp3a13,2.4729710997859693e-22,6.583178092209369e-18,cis,Liver,,
mCV24113391,Gltpd2,6.04355887567945e-22,1.4801207519720034e-17,cis,Liver,,
rs3665792,Cps1,3.3572842231339608e-21,7.341325449523846e-17,cis,Liver,,
rs13478017,Aldh4a1,1.079854581921046e-19,2.132789434135364e-15,cis,Liver,,
rs3693494,Glo1,1.1814187337108353e-17,1.903551607701581e-13,cis,Liver,,
rs3710916,Paip1,1.5667311940847777e-17,2.347216232817666e-13,trans,Liver,,
rs3669217,Rbm45,1.6101190611091474e-17,2.347216232817666e-13,cis,Liver,,
rs3654725,Cyp2c44,6.134704459401544e-17,7.825224518263963e-13,cis,Liver,,
rs6260804,Wdr86,2.0194053403493842e-16,2.42436342460078e-12,cis,Liver,,
rs6254381,Alad,2.3802204505480764e-16,2.649713337632676e-12,cis,Liver,,
gnf02.003.251,Dhtkd1,3.796585987619914e-16,4.007833268641414e-12,cis,Liver,,
rs3707772,Asgr2,5.688754489558151e-16,5.903500150560591e-12,cis,Liver,,
rs13478438,5830443L24Rik,7.677391319373235e-16,7.34476834046139e-12,unknown,Liver,,
rs3089636,Sh2d4a,1.9654756620968267e-15,1.7961279322139528e-11,cis,Liver,,
rs8268086,Cyp3a25,1.589713012231109e-14,1.2016503276848955e-10,cis,Liver,,
gnf12.101.501,Olfr341,2.9094521544819886e-14,2.1462362524445728e-10,trans,Liver,,
rs8271271,Met,7.770760766898444e-14,5.008230775021521e-10,trans,Liver,,
rs6271956,1700007B13Rik,1.4636818821675894e-13,9.335119097484524e-10,unknown,Liver,,
rs13483326,Prelid2,4.397730013704519e-13,2.493154584213789e-09,cis,Liver,,
rs13477128,Tm4sf4,5.985980003818618e-13,3.362429310915627e-09,cis,Liver,,
rs3707910,Apcs,7.213072854414229e-12,2.92474340577345e-08,cis,Liver,,
rs8255275,Abcc6,1.8263023089871665e-11,6.860084462136137e-08,cis,Liver,,
rs8271271,Gpr50,3.625428897610739e-11,1.2830916774554465e-07,trans,Liver,,
mCV24089992,Hdhd3,6.059886320828695e-11,2.038625668915619e-07,trans,Liver,,
rs13459150,4930528F23Rik,8.372424093800878e-11,2.7709193755457575e-07,cis,Liver,,
rs13480716,Amdhd1,1.7313379528029116e-10,5.170974395309972e-07,cis,Liver,,
rs3685813,Lsm12,1.8906329246478488e-10,5.53866795234444e-07,cis,Liver,,
rs3707910,Olfr1260,3.359780418719214e-10,9.523608687639122e-07,trans,Liver,,
CEL-3_137371814,Adh6-ps1,1.2739178405003315e-09,3.249934266828412e-06,trans,Liver,,
rs13477377,Tmem56,2.201947399378303e-09,5.307837551622647e-06,cis,Liver,,
rs3694821,Lpin1,3.082496724447009e-09,7.231135764255247e-06,cis,Liver,,
rs8252745,1600002H07Rik,7.684430428740386e-09,1.6057889377016158e-05,cis,Liver,,
rs3694031,Slc32a1,9.24069930903466e-09,1.9244290637215203e-05,trans,Liver,,
rs4175608,Pla1a,1.0408790847620421e-08,2.1102686059120032e-05,cis,Liver,,
rs6278789,Rnase4,1.5984959420533956e-08,3.177643855301677e-05,cis,Liver,,
rs4165280,Comt1,2.2049169371302145e-08,4.2453110155050014e-05,trans,Liver,,
rs3709825,Nnmt,2.365873496739129e-08,4.4986276322840375e-05,cis,Liver,,
rs6259742,Ccl9,3.884286649858279e-08,6.953917999070257e-05,cis,Liver,,
UT_9_86.629631,Adamts7,9.369289427169489e-08,0.0001532114391001,trans,Liver,,
rs13479903,Es1,4.244569190024315e-07,0.0006086254958113,trans,Liver,,
rs3143810,Slc1a2,5.032941378019886e-07,0.0007116695342732,cis,Liver,,
rs13481630,Serpina3k,5.097509668863127e-07,0.0007146807793232,cis,Liver,,
mCV24938952,Ces1,5.414496876463957e-07,0.0007483396910939,cis,Liver,,
rs3693494,Tff3,6.49787518874599e-07,0.0008667684177699,cis,Liver,,
rs3689917,Fga,6.780577404555804e-07,0.0008851935370239,cis,Liver,,
rs13480641,Rhobtb1,7.07368113673606e-07,0.0009175883256253,cis,Liver,,
rs3707910,Crp,1.004813903803924e-06,0.0012403617308666,cis,Liver,,
CEL-19_38892297,Cyp2c40,2.0287724083627607e-06,0.0023261433333578,cis,Liver,,
rs13478993,Mug2,3.1364663498389994e-06,0.0033514319807131,unknown,Liver,,
rs13481630,Serpina3n,3.852312517806654e-06,0.0039842281924028,cis,Liver,,
rs13480722,Fgd6,4.230905242212058e-06,0.0043030976984379,trans,Liver,,
rs13481999,Gngt1,4.428276450309173e-06,0.0044667375268265,trans,Liver,,
rs13464858,Aqp8,4.890049178938322e-06,0.0049082626080113,trans,Liver,,
gnf12.101.501,Serpina4-ps1,6.193866466902379e-06,0.0060580367562671,cis,Liver,,
rs3023108,Foxa3,8.33533153619162e-06,0.0078274388195201,cis,Liver,,
rs3722415,Plk3,9.956329291491533e-06,0.0090849204887631,trans,Liver,,
rs4227313,2310039D24Rik,1.411916479550707e-05,0.0121586065649433,trans,Liver,,
rs13476525,Cyp3a16,1.4882134261107045e-05,0.0127439358158273,trans,Liver,,
rs13478832,1500015L24Rik,1.827797706592958e-05,0.0152052901822158,trans,Liver,,
rs6185741,Cyp2c38,2.248959609385456e-05,0.0178827921812682,cis,Liver,,
rs13480570,Saa3,2.3467532944386512e-05,0.0185879861978336,trans,Liver,,
rs13483605,Gpt2,2.728358143398896e-05,0.0212261410060372,trans,Liver,,
rs6299827,Syt10,4.236470550929447e-05,0.0307330840895577,trans,Liver,,
rs3705890,Zap70,4.503354723518644e-05,0.032437066864386,trans,Liver,,
rs6395893,Slc30a10,4.59596637608156e-05,0.0327969874710513,trans,Liver,,
gnf08.119.598,BC024137,4.797372610628828e-05,0.0340358855510421,trans,Liver,,
CEL-2_79237503,Acot3,5.2727495636392746e-05,0.0369800334573716,trans,Liver,,
rs13477745,Olfr125,5.6412597201147504e-05,0.038765267916432,trans,Liver,,
rs13480575,Lhx1,6.71630085918228e-05,0.0452885788508067,trans,Liver,,
rs3147878,Hamp,6.726294674614737e-05,0.0453060714303158,cis,Liver,,
rs13475902,Eif4ebp3,7.120427834925416e-05,0.0475424055762863,trans,Liver,,
rs3676033,Rdh9,7.53634779203122e-05,0.0497766422364891,trans,Liver,,
rs13480580,B3gat1,8.55009599687457e-05,0.0552213541793078,trans,Liver,,
rs3720498,Mttp,9.25647039878798e-05,0.0587303382798623,cis,Liver,,
UT_17_3.221024,Rnf125,9.349885778797028e-05,0.0590840540970197,trans,Liver,,
rs3091174,Cyp4a10,9.45722156803743e-05,0.0594496094856818,trans,Liver,,
rs13483605,Etnk2,0.000106607257346,0.0650888627074421,trans,Liver,,
rs13478567,Bhmt,0.0001066260245374,0.0650888627074421,trans,Liver,,
rs13476459,Slc10a2,0.0001081713622982,0.065966430614627,trans,Liver,,
rs13476693,Stac,0.0001146590838324,0.0691650705184939,trans,Liver,,
rs3703198,Tifa,0.0001176870292983,0.0707823897863954,trans,Liver,,
rs13476525,Saa4,0.0001199284502909,0.0715595169680263,trans,Liver,,
gnf08.118.027,Cyp4a12b,0.0001326817636217,0.0779628875011576,trans,Liver,,
rs6245242,Olfr1218,0.0001418395085025,0.0823950280359153,trans,Liver,,
rs13478832,Cdk5r2,0.0001445517657439,0.0830637657693347,cis,Liver,,
rs3703247,Igfbp2,0.0001452257708195,0.0830637657693347,trans,Liver,,
CEL-2_135681682,Fmo3,0.0001589949334199,0.0888213009807558,trans,Liver,,
rs13480570,Saa2,0.0001663908349693,0.0919583833422795,trans,Liver,,
rs6287697,Igfbp1,0.0001670135532518,0.0919583833422795,trans,Liver,,
rs3711806,Mfsd2,0.000173597577416,0.0949008356425697,unknown,Liver,,
rs3653886,Hacl1,0.0001768606132159,0.0957442982979416,trans,Liver,,
rs6395893,Cldn1,0.0001771909977562,0.0958384157051245,trans,Liver,,
gnfX.035.350,Colec10,0.0001811909213856,0.0974308344238335,trans,Liver,,
rs3688501,Ifit1,0.0001877340958534,0.1002130168582087,trans,Liver,,
rs3696307,Emx1,0.000190229231827,0.1009514354443168,trans,Liver,,
rs13483605,1810055G02Rik,0.0001924281013075,0.1020072194318608,trans,Liver,,
rs6212903,Abcg5,0.0001938632238777,0.1021489017298564,trans,Liver,,
rs4217722,Mrap,0.0002295245298709,0.1148681706806565,cis,Liver,,
rs3671719,Ces3,0.0002315651680929,0.1151753603562842,trans,Liver,,
rs13480580,Eef1a2,0.0002487560579248,0.1216504545509144,trans,Liver,,
rs8254378,Sult3a1,0.0002513573566134,0.1223595908159804,trans,Liver,,
rs13476691,Slco1a4,0.0002667824894787,0.1272145236745806,trans,Liver,,
rs3162895,Pfkfb1,0.0002823383729766,0.1330776599685463,trans,Liver,,
rs4230248,D14Ertd449e,0.0003024873112494,0.1394996944861785,trans,Liver,,
rs3688570,Sdf2l1,0.0003037231714299,0.1394996944861785,trans,Liver,,
rs13476525,Il1r1,0.000319031592858,0.1447991930484573,trans,Liver,,
rs3711806,Alas1,0.0003189372010632,0.1447991930484573,trans,Liver,,
mCV24836796,C8b,0.0003248423846406,0.1467836874750712,trans,Liver,,
rs13482313,Rgs16,0.0003341582898961,0.1502171545310394,trans,Liver,,
rs3703198,4930581F22Rik,0.0003383599778334,0.1507248908162669,trans,Liver,,
D11Mit349,H2-D4,0.00034799423232,0.1528458569663344,trans,Liver,,
CEL-15_16073911,Steap4,0.0003582054827403,0.1572098935412208,trans,Liver,,
rs13478486,Gbp4,0.0003607099573095,0.1573024266252484,trans,Liver,,
rs6164049,Moxd1,0.0003812359954945,0.1624357170726995,cis,Liver,,
rs8242897,Sult1e1,0.0003831378800357,0.1625672876543643,trans,Liver,,
rs6165881,Tymp,0.0003899696928253,0.1642060808401642,trans,Liver,,
rs4223406,Mc1r,0.0003956529951757,0.1653564850936667,trans,Liver,,
rs13480570,Saa1,0.0004118758642943,0.169453412830664,trans,Liver,,
rs3690010,Cd207,0.000415066185983,0.1703306996140725,trans,Liver,,
gnf13.093.328,Srebf1,0.0004166286352745,0.1705147378187287,trans,Liver,,
mCV22980985,Thrsp,0.0004242711522183,0.1717028720358722,trans,Liver,,
rs13479903,Mcm10,0.0004254696839313,0.1717028720358722,trans,Liver,,
CEL-9_29909656,Gys2,0.0004357381922296,0.1746009780319598,trans,Liver,,
rs6279100,Pdia4,0.0004456312226497,0.1772888368773367,trans,Liver,,
rs13480575,Orm2,0.000476007472316,0.1830368346708125,trans,Liver,,
rs3683922,Tm7sf2,0.000472842932064,0.1830368346708125,trans,Liver,,
CEL-7_88140553,Apoa5,0.000482683361706,0.1851713704501975,trans,Liver,,
CEL-15_74122863,Elovl6,0.0004885473396756,0.1869524104736774,trans,Liver,,
rs3678982,Sult1c1,0.0005485289212588,0.2025626656676717,trans,Liver,,
rs6405854,Onecut1,0.0005501007350071,0.2026541980892453,trans,Liver,,
rs3659857,Derl3,0.0006147811626901,0.2165784188967927,trans,Liver,,
rs3695308,Wdr5b,0.0006190654011646,0.2177118962101434,trans,Liver,,
rs13481972,Slc16a10,0.0006268741645745,0.2193242848527992,trans,Liver,,
rs13476689,Sult1a1,0.000647830787613,0.223368367994351,trans,Liver,,
D18Mit4,Upp2,0.0006469753183553,0.223368367994351,trans,Liver,,
rs13478832,Mchr1,0.0006552858179614,0.2246434257194254,trans,Liver,,
rs13478309,1810023F06Rik,0.0006594315732209,0.2254335500832547,unknown,Liver,,
UT_2_158.095429,Spata3,0.000661795761617,0.2259894113534915,trans,Liver,,
UT_2_158.095429,BC089597,0.0006658520526787,0.2266283806265254,trans,Liver,,
gnf15.098.211,Clec4g,0.0006742491696902,0.2276908939277495,trans,Liver,,
rs13482680,Inhbe,0.0007047805450587,0.2333369299480101,trans,Liver,,
rs13481103,1700001C19Rik,0.0007273925353756,0.2361410829371842,trans,Liver,,
rs13481980,Hspb8,0.000749515279905,0.2397634375433822,trans,Liver,,
gnf13.099.677,Insig1,0.0007734309290209,0.2432203912550196,trans,Liver,,
rs13476693,9530039L23Rik,0.0007889988556188,0.2455745362474857,trans,Liver,,
rs3695980,4930569F06Rik,0.0008008874731251,0.2474267815338955,trans,Liver,,
rs3653396,Sds,0.0008045976818398,0.2474346552633305,trans,Liver,,
rs8254361,Sdr9c7,0.000807160940638,0.2478445553893437,trans,Liver,,
rs13481999,Nrg4,0.0008135968928167,0.249320618998332,trans,Liver,,
rs13476693,Olfr427,0.0008292317065203,0.2531690024128606,trans,Liver,,
rs13479186,Ceacam2,0.0008399659785492,0.2546381646245393,trans,Liver,,
rs4139555,Lrit1,0.0008393275844139,0.2546381646245393,trans,Liver,,
rs13481282,C9,0.0008485768680104,0.2561932229440388,cis,Liver,,
rs3023691,Cyp2a12,0.0008701331315086,0.2598820257048976,trans,Liver,,
rs6358921,Sult5a1,0.0009028111842216,0.2666502698436013,trans,Liver,,
mCV24836796,4931408D14Rik,0.000903644041573,0.2666644243472334,trans,Liver,,
rs3656996,Cyp2a4,0.0009113081562247,0.2683831012159861,trans,Liver,,
rs6329109,Slc17a4,0.0009149288610302,0.2684320863045221,trans,Liver,,
rs3671719,Apol7a,0.000922529377764,0.2696815722662345,trans,Liver,,
CEL-2_18096278,Stc1,0.0009415961205418,0.2723254321759156,trans,Liver,,
rs13480072,Serpina6,0.0009702593664715,0.2773401693876205,trans,Liver,,
CEL-2_111981058,Defb19,0.0009727139780848,0.277558161618292,trans,Liver,,
rs4136084,Mia2,0.0009917443640366,0.2804698869549547,trans,Liver,,
rs13482948,Ppp1r3g,0.0010527098122721,0.2938349835160844,trans,Liver,,
rs13482313,Slc25a25,0.0010573868907306,0.2938349835160844,trans,Liver,,
gnf09.108.878,Ppp1r3b,0.0010754420403306,0.2950103265758761,trans,Liver,,
CEL-15_16073911,Creld2,0.00108223985267,0.2964765812411617,trans,Liver,,
rs13482028,8430408G22Rik,0.001085679795449,0.2970574230731489,cis,Liver,,
CEL-3_119667160,Agxt2l1,0.001127758682308,0.3027159421017703,trans,Liver,,
rs13481455,Trib3,0.0012471323605641,0.3159458713700678,trans,Liver,,
rs13482711,BC014805,0.0012923983416957,0.3210139218932019,trans,Liver,,
UT_2_159.241221,C730007P19Rik,0.0013102413767201,0.3223077975922946,trans,Liver,,
rs6406122,Igtp,0.0013161103758549,0.3224559952162804,trans,Liver,,
rs6222797,Apol9b,0.0013376193099884,0.3244797346138127,trans,Liver,,
rs13476003,Xist,0.0013734908965402,0.3273228476539538,cis,Liver,,
rs13483545,Cxcl1,0.0013936093905056,0.3285591100283809,trans,Liver,,
rs4231742,Rad51l1,0.001401989465064,0.3291406801202877,trans,Liver,,
mCV24836796,Cyp2b13,0.001405050151727,0.3295249601530466,trans,Liver,,
rs3690259,Cyp26a1,0.0014482586772881,0.3333564800227637,trans,Liver,,
rs13483510,Inhba,0.0016070682822515,0.3558636207272143,trans,Liver,,
D15Mit13,C8a,0.001620021219264,0.3576969462536109,trans,Liver,,
CEL-15_4222769,Cyp4a14,0.0016746240622926,0.3655349104698867,trans,Liver,,
rs4165081,Agmat,0.0017143047687678,0.3688659462127939,trans,Liver,,
gnf05.060.451,3110001K24Rik,0.0017553474599683,0.3731211165586293,unknown,Liver,,
rs3703438,EG624219,0.0017924246754243,0.3758395345450117,unknown,Liver,,
rs3695339,V1rd1,0.0019435074610541,0.3898935780453856,unknown,Liver,,
rs6400423,Leap2,0.0019498654598815,0.3909129092510089,trans,Liver,,
rs6179144,Sstr5,0.0019632909170445,0.3922546436966042,trans,Liver,,
rs13480575,Orm1,0.0021069238952993,0.4001458883549694,trans,Liver,,
rs6184735,Gch1,0.0022174304651534,0.4094042045607922,trans,Liver,,
mCV23591750,Isg15,0.0023011263167586,0.4152237012765433,trans,Liver,,
rs13478727,Prlr,0.002363022386343,0.4193659253713175,trans,Liver,,
rs13476594,Clec4f,0.0024082616408679,0.4207983181948247,trans,Liver,,
rs13479807,Lrtm1,0.0023936579544188,0.4207983181948247,trans,Liver,,
rs3675233,Hes1,0.0024046964460745,0.4207983181948247,trans,Liver,,
rs13478031,Dct,0.0024394516601263,0.4210850037883268,trans,Liver,,
rs6322563,Irf7,0.0024407953955836,0.4210850037883268,trans,Liver,,
rs6184735,Mt1,0.0025041895459574,0.4254232576128768,trans,Liver,,
rs13476418,Lrg1,0.0025161672938377,0.4259729789977636,trans,Liver,,
rs3701438,Hp,0.0025473474714316,0.4273067208297055,trans,Liver,,
rs13459157,2010003K11Rik,0.002583487495858,0.4305381208666375,cis,Liver,,
mCV24736382,Dio1,0.0026273354285186,0.4344163968376926,trans,Liver,,
rs13482711,BC023105,0.0028071621682878,0.4486418154794962,trans,Liver,,
rs6165881,Cabc1,0.002809418456767,0.4487672746322322,trans,Liver,,
CEL-5_14729534,Mt2,0.0028357981202311,0.4496969144444928,trans,Liver,,
mCV24836796,Cyp2b9,0.0032153059667085,0.4720121231418474,trans,Liver,,
rs13480256,Acnat2,0.0033563340372735,0.4797666397086998,trans,Liver,,
rs8273881,Osgin1,0.0034602394666216,0.4844822359021184,trans,Liver,,
gnf08.119.598,Raet1a,0.0037423783827293,0.4973093682926257,trans,Liver,,
mCV24836796,Cyp2b10,0.0038900184586417,0.503009373117107,trans,Liver,,
rs6199138,Ddx56,0.0040282552213957,0.5082029300885168,trans,Liver,,
rs13482398,Avpr1a,0.004085545174637,0.5120706069939375,cis,Liver,,
rs13481999,Ang,0.0043411209120524,0.5222327582225494,trans,Liver,,
mCV25429984,Serpina7,0.004806727144612,0.5385293813144948,trans,Liver,,
rs13478882,Itih3,0.005011331494373,0.5436517139331547,trans,Liver,,
rs8254361,Hal,0.0050142156881818,0.5438554238856443,trans,Liver,,
rs6164049,F2,0.0051196594374257,0.5481203293703211,trans,Liver,,
rs8254361,Olfr644,0.0053370258301567,0.5576299452357858,trans,Liver,,
rs13480619,Prg4,0.0053679093398358,0.5588312741013708,trans,Liver,,
rs3666905,Cryba1,0.0056712698637508,0.5684010769373029,trans,Liver,,
rs13475982,Fuz,0.0057894912072685,0.5706384280650795,trans,Liver,,
rs3686162,Nr1i3,0.0058898198729273,0.5735664809183219,trans,Liver,,
rs6325706,Slc25a15,0.0077691520407092,0.6117187640513048,trans,Liver,,
CEL-5_79059370,Lta,0.0091569193139789,0.6393336194203172,trans,Liver,,
rs13476358,Prph2,0.0096312900593792,0.6452751167524408,trans,Liver,,
rs3664300,Ppargc1b,0.0097323829307859,0.6458444818351338,trans,Liver,,
rs13479320,Pphln1,0.0119204893715479,0.6675125176967623,trans,Liver,,
rs13477421,Cpa5,0.0148180558825856,0.694230460915218,trans,Liver,,
rs13482865,Olfr397,0.0172538600525154,0.7181009169870807,trans,Liver,,
rs13479309,Zfp647,0.0194312372426702,0.7321355377873362,trans,Liver,,
rs13482680,Fdxacb1,0.019649593718662,0.7346854008348366,trans,Liver,,
rs8254361,Pabpc2,0.0205192426522532,0.7446745221906204,trans,Liver,,
rs6299827,Olfr1484,0.0251910651661391,0.7678213197316028,trans,Liver,,
rs13479163,Tnfrsf23,0.026461128856931,0.7707067529622997,trans,Liver,,
rs4225252,Eif2ak3,0.0276648457024579,0.775431584324602,trans,Liver,,
rs13476036,Elk1,0.0294596701414506,0.7833122489619248,trans,Liver,,
rs13479338,Trpc5,0.0302422722194244,0.7857333542219139,trans,Liver,,
rs13478971,Ppp1r1c,0.0306372321196127,0.7874271520958396,trans,Liver,,
rs6260116,Hoxa3,0.031009529812121,0.7891487901929968,trans,Liver,,
gnf05.040.979,Ptk6,0.0311053076258973,0.7893265333245408,trans,Liver,,
gnf07.013.809,Galntl4,0.0311686682103091,0.7896906461763729,trans,Liver,,
CEL-1_98681809,E2f1,0.0348532777427347,0.8029366321397858,trans,Liver,,
rs13483818,Gnrh1,0.0374802694256531,0.8072078782387836,cis,Liver,,
rs3657266,Igsf11,0.0391051424889246,0.8107331604130575,trans,Liver,,
rs13479996,2900064B16Rik,0.0434636997788492,0.8214277329260057,trans,Liver,,
rs13479339,Pcdhb8,0.0465796968805557,0.8255579293183012,trans,Liver,,
D18Mit4,Olfr242,0.0486975235512977,0.8303313705569706,trans,Liver,,
D1Mit11,Gsdma2,0.0489160479853974,0.8303622851347041,cis,Liver,,
rs13483510,1700124K17Rik,0.0513833946158012,0.8325712786129963,unknown,Liver,,
rs13479163,Pcdhb5,0.0524627161240995,0.8347453608645443,trans,Liver,,
rs13483822,4921523A10Rik,0.0541927330436045,0.838206038260247,trans,Liver,,
gnf04.119.329,D0Kist2,0.0554892914394126,0.8406531017752691,unknown,Liver,,
rs13481845,EG244495,0.0567132805407371,0.8447779745031226,unknown,Liver,,
rs13480763,Fam149b,0.059934155362683,0.8497264899807783,trans,Liver,,
rs13476358,Stk35,0.0624419423111407,0.8537914062956621,trans,Liver,,
rs3666143,Zbed3,0.0667532685563847,0.8612976470519206,trans,Liver,,
rs6375364,Slc8a3,0.0682065325810003,0.8642451629257403,trans,Liver,,
rs13484060,Nox1,0.3020495440991873,0.8647956620903021,trans,Liver,,
rs13471817,1700066C05Rik,0.3724449351614699,0.8647956620903021,trans,Liver,,
nan,Tmem44,0.2271404297389405,0.8647956620903021,unknown,Liver,,
rs3659806,Lca5,0.2674476398992627,0.8647956620903021,trans,Liver,,
rs3654866,Krtap16-3,0.2685434469694547,0.8647956620903021,unknown,Liver,,
rs13475728,Dnajc16,0.3285662815044551,0.8647956620903021,trans,Liver,,
rs13483609,A430107O13Rik,0.2279753940781879,0.8647956620903021,trans,Liver,,
rs13484060,9930111J21Rik,0.3313055998114952,0.8647956620903021,unknown,Liver,,
CEL-7_46763479,Gm22289,3.4875356790824264e-30,1.2325195217374827e-24,unknown,Hypothalamus,,
CEL-7_46763479,Gm26337,4.5513429585336586e-27,8.042382304732525e-22,unknown,Hypothalamus,,
CEL-17_29530297,Glo1,1.050625418236487e-26,1.2376612572756738e-21,cis,Hypothalamus,,
rs3690581,Alad,4.309699149891434e-26,3.807694618664205e-21,cis,Hypothalamus,,
CEL-15_81685254,Cbx7,1.9677680173332e-25,8.692787396270927e-21,cis,Hypothalamus,,
rs13482680,Cyb5r3,2.42185662240578e-24,9.510012037272884e-20,cis,Hypothalamus,,
rs13477674,Gm10590,1.3143415162992896e-23,4.644974922507831e-19,cis,Hypothalamus,,
rs6246291,Rfk,1.4729274895521404e-23,4.732208048183212e-19,cis,Hypothalamus,,
rs6169571,Ublcp1,3.552632482020494e-22,9.657886058257052e-18,cis,Hypothalamus,,
rs4163042,Pdxdc1,1.1796498810896306e-21,1.985221550124967e-17,cis,Hypothalamus,,
CEL-7_46763479,LOC102640399,2.4279704035897483e-21,3.575257235089342e-17,unknown,Hypothalamus,,
rs13480288,Mela,2.847783965725675e-21,3.727506622130421e-17,trans,Hypothalamus,,
gnf12.053.073,Eapp,4.057459080879e-20,4.481045129363139e-16,cis,Hypothalamus,,
UT_11_29.443258,C530030P08Rik,9.49830965086074e-20,1.0172027632671944e-15,trans,Hypothalamus,,
rs6176494,Snord53,1.2321000922522398e-19,1.2440937065788209e-15,cis,Hypothalamus,,
rs13481353,Gm10476,1.5677311659314502e-19,1.4974247788063137e-15,trans,Hypothalamus,,
rs3673305,Mrpl35,2.960354025409389e-19,2.6825893206611694e-15,cis,Hypothalamus,,
D14Mit60,Tmem260,8.1014305591724155e-19,6.362449488056546e-15,unknown,Hypothalamus,,
rs4229284,Gm20472,1.2894222660619537e-18,9.113817095643136e-15,unknown,Hypothalamus,,
rs6200761,LOC102637749,1.8089997025926568e-17,1.0835816235494292e-13,unknown,Hypothalamus,,
rs6309949,9030025P20Rik,1.893295249697015e-17,1.1151729905161217e-13,trans,Hypothalamus,,
CEL-15_81685254,Rpl3,2.7271101003234802e-17,1.4602724230682124e-13,cis,Hypothalamus,,
rs13476379,Gm13375,7.952744169249084e-17,3.798047917056501e-13,cis,Hypothalamus,,
930923,Ackr1,1.2608161674746875e-16,5.786769601282167e-13,unknown,Hypothalamus,,
rs6164049,Tmem203,4.262779285043553e-16,1.8371902912065688e-12,cis,Hypothalamus,,
rs13477674,Gm3893,1.2043068199686529e-15,4.849219757981034e-12,cis,Hypothalamus,,
CEL-7_46763479,Gm25089,2.793642213148188e-15,1.061605068410819e-11,unknown,Hypothalamus,,
rs3667484,Gadd45gip1,1.95478541261404e-14,6.517309889770659e-11,cis,Hypothalamus,,
rs13476219,Creg1,2.6511871552590844e-14,8.595854119070158e-11,cis,Hypothalamus,,
rs3164478,Snrpe,2.357817881745551e-13,6.265183038601876e-10,cis,Hypothalamus,,
rs4229284,Gm22748,2.9395948848985746e-13,7.528068184690947e-10,unknown,Hypothalamus,,
rs3664897,Cd59a,1.0660729146799352e-11,2.256033715917916e-08,trans,Hypothalamus,,
rs3724260,Serpina3n,1.3664412924460064e-11,2.8240346072483377e-08,cis,Hypothalamus,,
UT_5_145.838572,Gm8840,2.736792220593696e-11,5.3733418239075344e-08,trans,Hypothalamus,,
CEL-7_46763479,LOC102639749,6.277832569491429e-11,1.1205201893364937e-07,unknown,Hypothalamus,,
rs3669806,Sfi1,6.938160965230716e-10,1.0174251669042708e-06,trans,Hypothalamus,,
CEL-7_46763479,Gm24495,3.120382355793352e-09,4.324568498877887e-06,unknown,Hypothalamus,,
rs3723643,B2m,3.535420675441302e-09,4.880634432209704e-06,cis,Hypothalamus,,
UT_12_23.29234,Adi1,1.0975948238103268e-08,1.3149074369435124e-05,cis,Hypothalamus,,
rs3719306,Fam177a,1.902333394787768e-08,2.134279168418288e-05,unknown,Hypothalamus,,
rs3719306,LOC100503822,4.431726065283569e-08,4.579540975303129e-05,unknown,Hypothalamus,,
rs3667484,Wdr83os,8.17407879141287e-08,8.114541189429348e-05,unknown,Hypothalamus,,
CEL-7_46763479,Gm25874,8.68736812546863e-08,8.388460948408447e-05,unknown,Hypothalamus,,
CEL-7_46763479,Gm23660,1.672375679210276e-07,0.000151453538395,unknown,Hypothalamus,,
rs3661495,Stab2,2.568862465839929e-07,0.0002214277993817,trans,Hypothalamus,,
rs4226649,Gm25229,2.580775837607033e-07,0.0002219134419564,unknown,Hypothalamus,,
CEL-5_70813533,Gabra2,5.347352872496414e-07,0.0004190226023526,cis,Hypothalamus,,
rs3710916,Gm7120,1.915625067707414e-06,0.0012797642879078,trans,Hypothalamus,,
CEL-7_46763479,Gm23145,1.9662092973198672e-06,0.0013086104126891,unknown,Hypothalamus,,
rs13481041,Gm25647,7.754829433237922e-06,0.0044781225580266,unknown,Hypothalamus,,
CEL-7_46763479,Gm23305,1.95555197685574e-05,0.0102083568313834,unknown,Hypothalamus,,
rs4226520,Pisd-ps1,2.237800634201508e-05,0.0114949768710937,trans,Hypothalamus,,
rs13482236,Entpd4,2.532234208734588e-05,0.0128578921696302,cis,Hypothalamus,,
rs6257938,n-R5s25,4.068328052872681e-05,0.0187944524468179,trans,Hypothalamus,,
rs3088940,Gm25646,5.5445775155398496e-05,0.0241316811087979,unknown,Hypothalamus,,
rs3725470,mt-Tm,5.710812358733899e-05,0.0245827169703175,trans,Hypothalamus,,
CEL-13_108547592,Tmem254b,5.761990157976936e-05,0.0247127142689339,unknown,Hypothalamus,,
rs6245069,Sgk1,5.898293539671255e-05,0.0252360559924285,trans,Hypothalamus,,
rs3672117,Nlrp5-ps,6.373993488206564e-05,0.0271399267070676,unknown,Hypothalamus,,
D9Mit243,Gm12643,8.959791323100699e-05,0.0359008273483338,trans,Hypothalamus,,
rs3023480,Aldh1a1,9.729152882696825e-05,0.0385897949810913,cis,Hypothalamus,,
rs3701432,Cox7c,0.0001036838433142,0.0403108867042269,trans,Hypothalamus,,
rs6361015,mt-Te,0.0001242902641315,0.0472820768309325,trans,Hypothalamus,,
rs8243055,Gm10800,0.0001396145711814,0.0516657243534195,trans,Hypothalamus,,
CEL-3_133070717,Etnppl,0.0001628116307302,0.0587130305933424,unknown,Hypothalamus,,
rs13478430,Ctss,0.0001888454478438,0.0659479280495558,trans,Hypothalamus,,
rs13476137,LOC101056102,0.000194037097614,0.0668363241291154,unknown,Hypothalamus,,
rs6300458,mt-Tr,0.0002011255595467,0.0687419541806147,trans,Hypothalamus,,
rs13476883,1700048O20Rik,0.0002086436781679,0.0703589087502882,trans,Hypothalamus,,
rs13481027,Meis2,0.0002238063732119,0.0743371606557582,trans,Hypothalamus,,
rs13480419,Gm23245,0.0002477550121649,0.080476429764868,unknown,Hypothalamus,,
rs13478924,Snora3,0.0004376786211272,0.1268199681883079,trans,Hypothalamus,,
rs6193060,Snord14d,0.0004649331346197,0.1322951886526338,trans,Hypothalamus,,
rs4215067,Scarna13,0.000486135367239,0.1373330469463161,trans,Hypothalamus,,
rs3700286,Zbtb16,0.0005348620606873,0.1465302296754501,trans,Hypothalamus,,
rs13481657,Hist2h2ab,0.0005485340678845,0.1492346261192284,trans,Hypothalamus,,
rs3658906,Nov,0.0005581560215811,0.1502829671612985,trans,Hypothalamus,,
rs13480122,Ifit3,0.0005916352698079,0.1563859729222322,trans,Hypothalamus,,
rs13476958,Slc6a3,0.0006065831882146,0.159265040711271,trans,Hypothalamus,,
gnf06.091.194,Laptm5,0.0006394410452853,0.166059823128691,trans,Hypothalamus,,
rs6223431,Oxt,0.0006404500729312,0.166059823128691,trans,Hypothalamus,,
rs3674982,Snora74a,0.0006640051908718,0.1711627151644379,trans,Hypothalamus,,
gnf10.036.935,ND6,0.0007012008269043,0.1766899358895261,unknown,Hypothalamus,,
rs6286924,Ifitm3,0.0008492163164079,0.2015574148641944,trans,Hypothalamus,,
D18Mit4,Gm24494,0.0008547814908786,0.2019289855260391,unknown,Hypothalamus,,
CEL-2_113308376,Gm10796,0.0008663120132124,0.2041071531022551,trans,Hypothalamus,,
rs13477246,Mirg,0.0009194121165013,0.2095164673673808,trans,Hypothalamus,,
rs13477538,Gm23444,0.0009781010618273,0.2180869160613444,unknown,Hypothalamus,,
rs4212186,1700054O19Rik,0.0010364451690373,0.2270843012113966,trans,Hypothalamus,,
rs13478934,Snora16a,0.0010520455702219,0.229648096871783,trans,Hypothalamus,,
rs13481636,Gm23736,0.00105691095096,0.2300177441744311,unknown,Hypothalamus,,
mCV24394003,Snord49b,0.0011252112430919,0.239697124645806,trans,Hypothalamus,,
rs3088940,Mir598,0.0011549191643161,0.2450285076609595,trans,Hypothalamus,,
rs13481041,Gm25870,0.0011557850361504,0.2450285076609595,unknown,Hypothalamus,,
rs13478924,Snora73b,0.001162324591381,0.2462671743802232,trans,Hypothalamus,,
D18Mit4,Snord57,0.0011766515004564,0.2476833570275719,trans,Hypothalamus,,
rs6290401,Hbb-bs,0.0012244479775947,0.2520940913734883,unknown,Hypothalamus,,
rs13477528,Hdc,0.0012785923589239,0.257309297887764,trans,Hypothalamus,,
rs13481111,Snord47,0.0013228535509717,0.2624961846649465,trans,Hypothalamus,,
rs8243055,Gm23347,0.0014329163208356,0.275068884227412,unknown,Hypothalamus,,
rs6288319,mt-Th,0.0014358385789394,0.2751818897327841,trans,Hypothalamus,,
rs13482398,Malat1,0.0014413977581137,0.2756799499232173,trans,Hypothalamus,,
CEL-7_46763479,Slc13a4,0.0016289414867126,0.2979706645935165,trans,Hypothalamus,,
rs8243055,C230004F18Rik,0.001638849827734,0.298394214491943,trans,Hypothalamus,,
rs13478070,Slc6a20a,0.0016700572760137,0.3029825111623211,trans,Hypothalamus,,
rs8243055,D930030D11Rik,0.0016978436178274,0.3058604366386063,trans,Hypothalamus,,
rs6212903,Cga,0.0017059630124683,0.3061036242905114,trans,Hypothalamus,,
CEL-X_50598124,Sfrp5,0.0018649964149943,0.3250013747701757,trans,Hypothalamus,,
rs3690581,Gm25360,0.0018986194048065,0.3287532523245755,unknown,Hypothalamus,,
rs3164054,Oasl2,0.0019255887142142,0.3298116232998055,trans,Hypothalamus,,
rs8274734,Gm23612,0.0019948018769452,0.3360233302791202,unknown,Hypothalamus,,
rs13481041,Gm24564,0.0020277116117494,0.3396399488360538,unknown,Hypothalamus,,
rs3657597,Gm23659,0.0020433517786537,0.3407903832178804,unknown,Hypothalamus,,
rs13484060,Rny1,0.0020764658575332,0.3435569144724925,trans,Hypothalamus,,
rs13481905,Gm24899,0.0020889852187164,0.3443146576680101,unknown,Hypothalamus,,
rs13477442,Ddx3y,0.0021030359938682,0.3450932857658605,trans,Hypothalamus,,
rs3668680,Mir679,0.0021033282802538,0.3450932857658605,trans,Hypothalamus,,
rs3090664,Rnu2-10,0.0021378519951373,0.3483520313978993,unknown,Hypothalamus,,
rs4222215,Snord82,0.0021662214263581,0.3510122951054413,trans,Hypothalamus,,
rs4212186,AF357355,0.0021788076517815,0.3517614782060966,trans,Hypothalamus,,
rs13482528,Gm25098,0.0022265647414621,0.3558948736254657,unknown,Hypothalamus,,
rs13478430,Ly86,0.0022322190980911,0.3561543362524131,trans,Hypothalamus,,
rs3090137,Snora44,0.0022726075651842,0.3593505320070554,trans,Hypothalamus,,
rs13482528,LOC102642160,0.0022753835563417,0.3593634454311404,unknown,Hypothalamus,,
rs6228270,Snora73a,0.0023399813595187,0.361656834598319,trans,Hypothalamus,,
rs8274734,Gm23256,0.0023844913354746,0.3657534415781628,unknown,Hypothalamus,,
rs13477442,Xist,0.0024075200558778,0.3677692522294482,trans,Hypothalamus,,
gnf09.108.878,Scarna17,0.0024733479026028,0.3689736016104551,trans,Hypothalamus,,
rs13476966,Snhg11,0.0025022077426168,0.3701517863342388,trans,Hypothalamus,,
rs13481111,Fmod,0.0026998178785544,0.3830327326400241,trans,Hypothalamus,,
rs13481041,Nr4a2,0.0027661885403497,0.3865521524236446,cis,Hypothalamus,,
rs3657597,Mir505,0.0027838949925986,0.3874942802872365,trans,Hypothalamus,,
rs13483444,Gm23344,0.0027958584232702,0.3880543120852335,unknown,Hypothalamus,,
rs4212186,Meg3,0.0028717443182288,0.3922337547577708,trans,Hypothalamus,,
rs13480421,Ubl5,0.002998696878691,0.4015254681385585,trans,Hypothalamus,,
rs13476958,Gm22834,0.0030081508154401,0.4016250680892546,unknown,Hypothalamus,,
rs8243055,Firre,0.0031066919656812,0.4073964327924276,unknown,Hypothalamus,,
rs4212186,Leng8,0.0033725104869456,0.422948478942512,trans,Hypothalamus,,
rs3670168,Rnu73b,0.0035150112910774,0.4311120362938833,trans,Hypothalamus,,
rs3677240,Gm10021,0.0035366891817398,0.4315452752315261,trans,Hypothalamus,,
rs13482528,1700071K01Rik,0.0036037307594694,0.4326596310949875,trans,Hypothalamus,,
rs4212186,Gm22348,0.0036868235350245,0.4372248378527122,unknown,Hypothalamus,,
rs13476961,Gm25357,0.0037590005162367,0.4413489662456224,unknown,Hypothalamus,,
rs3705890,Mir134,0.0040325758922946,0.4521848729360645,trans,Hypothalamus,,
rs3657597,Mir680-2,0.0040549675234177,0.4527816453549731,trans,Hypothalamus,,
rs4212186,Mir377,0.0041130692140639,0.4551522015268937,trans,Hypothalamus,,
rs8274734,Mir341,0.0041460252691882,0.4564293392306145,trans,Hypothalamus,,
rs13476966,Mir540,0.0042346901767419,0.4602249449609694,trans,Hypothalamus,,
rs4212186,Rnpc3,0.0046278774578661,0.4794852796106986,trans,Hypothalamus,,
rs13478293,mt-Tk,0.0049709763741619,0.4933698427689637,trans,Hypothalamus,,
mCV22735181,Cpne9,0.0051730472332782,0.5005486857749205,trans,Hypothalamus,,
CEL-14_72998213,Grm2,0.0054222529939501,0.509508684879805,trans,Hypothalamus,,
rs8243055,4632427E13Rik,0.0057524676349843,0.5257207989337787,trans,Hypothalamus,,
rs13482538,Wsb1,0.0065121445371805,0.5475807460067007,trans,Hypothalamus,,
rs8243055,Mir665,0.0077356236375524,0.5738504498061495,trans,Hypothalamus,,
mCV22980985,Mid1,0.0093272344540849,0.6057247924807267,trans,Hypothalamus,,
rs6193060,Psmd5,0.0199020388578991,0.7021336071355961,trans,Hypothalamus,,
