snp_id,gene,p_value,q_value,cis_trans,tissue,eqtl_chr,eqtl_pos,qtl_chr,qtl_pos,minus_log10_p
rs3724260,Olfr1365,1.6099880912200732e-30,3.285835428624989e-25,unknown,Liver,12.0,105632191.0,12,105957285,0.0800258557297854
rs13479064,Dusp16,2.8460264409807676e-29,1.9361581123024188e-24,cis,Liver,6.0,136372097.0,6,136560768,0.2252441958667909
D16Mit88,Pdxdc1,1.184794738407895e-28,5.1815474576748495e-24,cis,Liver,16.0,13142434.0,16,13249057,0.102747224222792
rs6288584,Pik3c2g,8.555544279038708e-24,3.081364827538581e-19,cis,Liver,6.0,139112058.0,6,139468253,0.2872828420395995
rs3682400,Tpmt,3.636223980479136e-23,1.2368656272088457e-18,cis,Liver,13.0,47225289.0,13,47771259,0.5572429872552835
rs33802580,Ifi202b,6.450861961958865e-23,1.880801026272609e-18,cis,Liver,1.0,176534628.0,1,176542640,0.5664674430904939
rs3685305,Ocel1,1.0808886135292585e-22,3.008171969012665e-18,cis,Liver,8.0,72331481.0,8,74265398,0.3267004028675481
rs6334078,Cyp3a13,2.4729710997859693e-22,6.583178092209369e-18,cis,Liver,5.0,138337848.0,5,139187687,0.0564105274040998
mCV24113391,Gltpd2,6.04355887567945e-22,1.4801207519720034e-17,cis,Liver,11.0,70371167.0,11,71293347,0.2776863338385196
rs3665792,Cps1,3.3572842231339608e-21,7.341325449523846e-17,cis,Liver,1.0,66762987.0,1,67823732,0.0166680250303527
rs13478017,Aldh4a1,1.079854581921046e-19,2.132789434135364e-15,cis,Liver,4.0,139112380.0,4,139225623,1.1595149476096818
rs3693494,Glo1,1.1814187337108353e-17,1.903551607701581e-13,cis,Liver,17.0,27985170.0,17,29917068,0.3938746876466877
rs3710916,Paip1,1.5667311940847777e-17,2.347216232817666e-13,trans,Liver,13.0,120203851.0,14,8852064,0.2503392581983898
rs3669217,Rbm45,1.6101190611091474e-17,2.347216232817666e-13,cis,Liver,2.0,75856730.0,2,76308800,0.4030016480125219
rs3654725,Cyp2c44,6.134704459401544e-17,7.825224518263963e-13,cis,Liver,19.0,42643144.0,19,43991580,0.1268766419712305
rs6260804,Wdr86,2.019405340349384e-16,2.42436342460078e-12,cis,Liver,5.0,23827219.0,5,24008816,0.3678745012947409
rs6254381,Alad,2.3802204505480764e-16,2.649713337632676e-12,cis,Liver,4.0,62368291.0,4,63346623,0.7060830405309733
gnf02.003.251,Dhtkd1,3.796585987619914e-16,4.007833268641414e-12,cis,Liver,2.0,5767413.0,2,6232363,0.1129407260312111
rs3707772,Asgr2,5.688754489558151e-16,5.903500150560591e-12,cis,Liver,11.0,69415411.0,11,70265537,0.4108566834979885
rs13478438,5830443L24Rik,7.677391319373235e-16,7.34476834046139e-12,unknown,Liver,5.0,104572764.0,5,105967616,0.4711095452405959
rs3089636,Sh2d4a,1.9654756620968267e-15,1.7961279322139528e-11,cis,Liver,8.0,70845435.0,8,71254656,0.3267004028675482
rs8268086,Cyp3a25,1.589713012231109e-14,1.2016503276848955e-10,cis,Liver,5.0,146673682.0,5,146689297,0.3302316657630137
gnf12.101.501,Olfr341,2.9094521544819886e-14,2.1462362524445728e-10,trans,Liver,12.0,104269892.0,12,104522187,0.1524329444032169
rs8271271,Met,7.770760766898444e-14,5.008230775021521e-10,trans,Liver,12.0,104522187.0,12,105392393,0.1524329444032169
rs6271956,1700007B13Rik,1.4636818821675894e-13,9.335119097484524e-10,unknown,Liver,7.0,126326146.0,7,126553480,0.4962191796454627
rs13483326,Prelid2,4.397730013704519e-13,2.493154584213789e-09,cis,Liver,18.0,41940684.0,18,42908436,0.0234320588340161
rs13477128,Tm4sf4,5.985980003818618e-13,3.362429310915627e-09,cis,Liver,3.0,57139218.0,3,57241534,0.6820750068968671
rs3707910,Apcs,7.213072854414229e-12,2.92474340577345e-08,cis,Liver,1.0,174201925.0,1,174420752,0.4334334761038919
rs8255275,Abcc6,1.8263023089871665e-11,6.860084462136137e-08,cis,Liver,7.0,53254939.0,7,53422379,0.1109112820009488
rs8271271,Gpr50,3.625428897610739e-11,1.2830916774554465e-07,trans,Liver,12.0,104522187.0,12,105392393,0.1524329444032169
mCV24089992,Hdhd3,6.059886320828695e-11,2.038625668915619e-07,trans,Liver,4.0,63346623.0,4,64515456,0.7060830405309733
rs13459150,4930528F23Rik,8.372424093800878e-11,2.7709193755457575e-07,cis,Liver,17.0,24987867.0,17,26350810,0.3285406542739674
rs13480716,Amdhd1,1.7313379528029116e-10,5.170974395309972e-07,cis,Liver,10.0,93319110.0,10,93979400,0.1279858137203021
rs3685813,Lsm12,1.8906329246478488e-10,5.53866795234444e-07,cis,Liver,11.0,102120713.0,11,102655780,3.306425481232943
rs3707910,Olfr1260,3.359780418719214e-10,9.523608687639122e-07,trans,Liver,1.0,174201925.0,1,174420752,0.4334334761038919
CEL-3_137371814,Adh6-ps1,1.2739178405003315e-09,3.249934266828412e-06,trans,Liver,3.0,134595339.0,3,136479848,0.4473141807849645
rs13477377,Tmem56,2.201947399378303e-09,5.307837551622647e-06,cis,Liver,3.0,121796642.0,3,121998618,0.1067623824062711
rs3694821,Lpin1,3.082496724447009e-09,7.231135764255247e-06,cis,Liver,12.0,15962185.0,12,16592330,0.340298171018512
rs8252745,1600002H07Rik,7.684430428740386e-09,1.6057889377016158e-05,cis,Liver,17.0,24331045.0,17,24766429,0.3285406542739674
rs3694031,Slc32a1,9.24069930903466e-09,1.9244290637215203e-05,trans,Liver,7.0,35483870.0,7,35699898,0.7183686697340503
rs4175608,Pla1a,1.0408790847620421e-08,2.1102686059120032e-05,cis,Liver,16.0,39118134.0,16,39182601,0.6012200719865436
rs6278789,Rnase4,1.5984959420533956e-08,3.177643855301677e-05,cis,Liver,14.0,49708958.0,14,50409368,0.0699855937095542
rs4165280,Comt1,2.2049169371302145e-08,4.2453110155050014e-05,trans,Liver,16.0,21323714.0,16,21339076,0.197164039542481
rs3709825,Nnmt,2.365873496739129e-08,4.4986276322840375e-05,cis,Liver,9.0,48017410.0,9,49071871,0.1044657600784176
rs6259742,Ccl9,3.884286649858279e-08,6.953917999070257e-05,cis,Liver,11.0,82070986.0,11,82421437,1.9291415323647965
UT_9_86.629631,Adamts7,9.369289427169489e-08,0.0001532114391001,trans,Liver,9.0,83587154.0,9,83765927,0.0907606738836184
rs13479903,Es1,4.244569190024315e-07,0.0006086254958113,trans,Liver,8.0,90839695.0,8,90852752,0.5459759592813099
rs3143810,Slc1a2,5.032941378019886e-07,0.0007116695342732,cis,Liver,2.0,102941479.0,2,103124491,1.6601441320218049
rs13481630,Serpina3k,5.097509668863127e-07,0.0007146807793232,cis,Liver,12.0,106091063.0,12,106753156,0.2149963698425707
mCV24938952,Ces1,5.414496876463957e-07,0.0007483396910939,cis,Liver,8.0,94941970.0,8,95657347,0.0805396724547352
rs3693494,Tff3,6.49787518874599e-07,0.0008667684177699,cis,Liver,17.0,27985170.0,17,29917068,0.3938746876466877
rs3689917,Fga,6.780577404555804e-07,0.0008851935370239,cis,Liver,3.0,77716617.0,3,80928434,0.1700101789114763
rs13480641,Rhobtb1,7.07368113673606e-07,0.0009175883256253,cis,Liver,10.0,68907415.0,10,69476909,0.1008563827925685
rs3707910,Crp,1.004813903803924e-06,0.0012403617308666,cis,Liver,1.0,174201925.0,1,174420752,0.4334334761038919
CEL-19_38892297,Cyp2c40,2.0287724083627607e-06,0.0023261433333578,cis,Liver,19.0,38910192.0,19,39682640,0.6180371470940434
rs13478993,Mug2,3.1364663498389994e-06,0.0033514319807131,unknown,Liver,6.0,116847501.0,6,117050639,0.0411737028389635
rs13481630,Serpina3n,3.852312517806654e-06,0.0039842281924028,cis,Liver,12.0,106091063.0,12,106753156,0.2149963698425707
rs13480722,Fgd6,4.230905242212058e-06,0.0043030976984379,trans,Liver,10.0,96758375.0,10,97112187,0.3471256042105783
rs13481999,Gngt1,4.428276450309173e-06,0.0044667375268265,trans,Liver,13.0,107925489.0,13,108070278,0.7800447781509262
rs13464858,Aqp8,4.890049178938322e-06,0.0049082626080113,trans,Liver,13.0,108821881.0,13,109069839,0.8823725780075563
gnf12.101.501,Serpina4-ps1,6.193866466902379e-06,0.0060580367562671,cis,Liver,12.0,104269892.0,12,104522187,0.1524329444032169
rs3023108,Foxa3,8.33533153619162e-06,0.0078274388195201,cis,Liver,7.0,17808155.0,7,19678759,0.0373742323192824
rs3722415,Plk3,9.956329291491533e-06,0.0090849204887631,trans,Liver,13.0,112561279.0,13,112643344,0.0503451294930826
rs4227313,2310039D24Rik,1.411916479550707e-05,0.0121586065649433,trans,Liver,8.0,93349658.0,8,93635988,0.0805396724547352
rs13476525,Cyp3a16,1.4882134261107045e-05,0.0127439358158273,trans,Liver,2.0,58041980.0,2,58748696,1.267548128830566
rs13478832,1500015L24Rik,1.827797706592958e-05,0.0152052901822158,trans,Liver,6.0,76132093.0,6,76390846,0.260314359743457
rs6185741,Cyp2c38,2.248959609385456e-05,0.0178827921812682,cis,Liver,19.0,38379687.0,19,38910192,0.6180371470940434
rs13480570,Saa3,2.3467532944386512e-05,0.0185879861978336,trans,Liver,10.0,30430649.0,10,30725948,1.501048731012461
rs13483605,Gpt2,2.728358143398896e-05,0.0212261410060372,trans,Liver,19.0,32961544.0,19,35692493,1.0623815898086395
rs6299827,Syt10,4.236470550929447e-05,0.0307330840895577,trans,Liver,8.0,102254876.0,8,102918417,0.3370417983358211
rs3705890,Zap70,4.503354723518644e-05,0.032437066864386,trans,Liver,18.0,77065228.0,18,77108822,0.5686048669586905
rs6395893,Slc30a10,4.59596637608156e-05,0.0327969874710513,trans,Liver,17.0,37015393.0,17,39314866,0.6186989440077673
gnf08.119.598,BC024137,4.797372610628828e-05,0.0340358855510421,trans,Liver,8.0,120068915.0,8,120904595,0.4223939499670902
CEL-2_79237503,Acot3,5.2727495636392746e-05,0.0369800334573716,trans,Liver,2.0,77938378.0,2,79183601,0.8331446291934455
rs13477745,Olfr125,5.6412597201147504e-05,0.038765267916432,trans,Liver,4.0,64892576.0,4,65047572,0.7060830405309733
rs13480575,Lhx1,6.71630085918228e-05,0.0452885788508067,trans,Liver,10.0,30725948.0,10,33372829,1.501048731012461
rs3147878,Hamp,6.726294674614737e-05,0.0453060714303158,cis,Liver,7.0,31220797.0,7,31291333,0.4977776164800196
rs13475902,Eif4ebp3,7.120427834925416e-05,0.0475424055762863,trans,Liver,1.0,66311420.0,1,66461486,0.0933398636140573
rs3676033,Rdh9,7.53634779203122e-05,0.0497766422364891,trans,Liver,2.0,147881059.0,2,149271015,0.6034459226346377
rs13480580,B3gat1,8.55009599687457e-05,0.0552213541793078,trans,Liver,10.0,35758852.0,10,36171186,1.8553625502215187
rs3720498,Mttp,9.25647039878798e-05,0.0587303382798623,cis,Liver,3.0,138622072.0,3,139132077,0.5416039840650793
UT_17_3.221024,Rnf125,9.349885778797028e-05,0.0590840540970197,trans,Liver,17.0,4593482.0,17,6039015,0.0853883184144131
rs3091174,Cyp4a10,9.45722156803743e-05,0.0594496094856818,trans,Liver,15.0,32625940.0,15,32625941,0.6924867543632219
rs13483605,Etnk2,0.000106607257346,0.0650888627074421,trans,Liver,19.0,32961544.0,19,35692493,1.0623815898086395
rs13478567,Bhmt,0.0001066260245374,0.0650888627074421,trans,Liver,5.0,142540280.0,5,142669138,0.192327523112137
rs13476459,Slc10a2,0.0001081713622982,0.065966430614627,trans,Liver,2.0,41533579.0,2,42341481,2.478363168777473
rs13476693,Stac,0.0001146590838324,0.0691650705184939,trans,Liver,2.0,108697732.0,2,109233749,0.7438844451865823
rs3703198,Tifa,0.0001176870292983,0.0707823897863954,trans,Liver,11.0,13574421.0,11,14903307,0.7623320715171221
rs13476525,Saa4,0.0001199284502909,0.0715595169680263,trans,Liver,2.0,58041980.0,2,58748696,1.267548128830566
gnf08.118.027,Cyp4a12b,0.0001326817636217,0.0779628875011576,trans,Liver,8.0,119096871.0,8,119331805,0.2903904688943165
rs6245242,Olfr1218,0.0001418395085025,0.0823950280359153,trans,Liver,19.0,21205552.0,19,21553228,0.2628850589001371
rs13478832,Cdk5r2,0.0001445517657439,0.0830637657693347,cis,Liver,6.0,76132093.0,6,76390846,0.260314359743457
rs3703247,Igfbp2,0.0001452257708195,0.0830637657693347,trans,Liver,7.0,52843651.0,7,53254939,0.1109112820009488
CEL-2_135681682,Fmo3,0.0001589949334199,0.0888213009807558,trans,Liver,2.0,134345046.0,2,135758395,1.293264638646223
rs13480570,Saa2,0.0001663908349693,0.0919583833422795,trans,Liver,10.0,30430649.0,10,30725948,1.501048731012461
rs6287697,Igfbp1,0.0001670135532518,0.0919583833422795,trans,Liver,15.0,90583806.0,15,90596958,1.2686316144980736
rs3711806,Mfsd2,0.000173597577416,0.0949008356425697,unknown,Liver,7.0,95847712.0,7,96589291,1.508018938886249
rs3653886,Hacl1,0.0001768606132159,0.0957442982979416,trans,Liver,19.0,37538939.0,19,37812889,0.6800502369836383
rs6395893,Cldn1,0.0001771909977562,0.0958384157051245,trans,Liver,17.0,37015393.0,17,39314866,0.6186989440077673
gnfX.035.350,Colec10,0.0001811909213856,0.0974308344238335,trans,Liver,20.0,48083751.0,20,48285598,0.3194813796637265
rs3688501,Ifit1,0.0001877340958534,0.1002130168582087,trans,Liver,2.0,60939727.0,2,61778205,0.4002041462785066
rs3696307,Emx1,0.000190229231827,0.1009514354443168,trans,Liver,10.0,50689272.0,10,53462955,0.7323654524475494
rs13483605,1810055G02Rik,0.0001924281013075,0.1020072194318608,trans,Liver,19.0,32961544.0,19,35692493,1.0623815898086395
rs6212903,Abcg5,0.0001938632238777,0.1021489017298564,trans,Liver,10.0,92435431.0,10,92961482,0.1279858137203021
rs4217722,Mrap,0.0002295245298709,0.1148681706806565,cis,Liver,16.0,89885518.0,16,90609837,0.3242071243073579
rs3671719,Ces3,0.0002315651680929,0.1151753603562842,trans,Liver,18.0,85689515.0,18,85968792,0.7990218621547895
rs13480580,Eef1a2,0.0002487560579248,0.1216504545509144,trans,Liver,10.0,35758852.0,10,36171186,1.8553625502215187
rs8254378,Sult3a1,0.0002513573566134,0.1223595908159804,trans,Liver,9.0,123878248.0,9,124039192,0.0202959152496006
rs13476691,Slco1a4,0.0002667824894787,0.1272145236745806,trans,Liver,2.0,107305294.0,2,108344795,0.7438844451865823
rs3162895,Pfkfb1,0.0002823383729766,0.1330776599685463,trans,Liver,1.0,63930517.0,1,64248014,0.7168485756583397
rs4230248,D14Ertd449e,0.0003024873112494,0.1394996944861785,trans,Liver,14.0,31832137.0,14,31996604,0.1830414717804599
rs3688570,Sdf2l1,0.0003037231714299,0.1394996944861785,trans,Liver,9.0,54377876.0,9,54508270,0.3695181180736504
rs13476525,Il1r1,0.000319031592858,0.1447991930484573,trans,Liver,2.0,58041980.0,2,58748696,1.267548128830566
rs3711806,Alas1,0.0003189372010632,0.1447991930484573,trans,Liver,7.0,95847712.0,7,96589291,1.508018938886249
mCV24836796,C8b,0.0003248423846406,0.1467836874750712,trans,Liver,18.0,84295656.0,18,85689515,0.1217727776405705
rs13482313,Rgs16,0.0003341582898961,0.1502171545310394,trans,Liver,14.0,91322093.0,14,94110424,0.2062929387801218
rs3703198,4930581F22Rik,0.0003383599778334,0.1507248908162669,trans,Liver,11.0,13574421.0,11,14903307,0.7623320715171221
D11Mit349,H2-D4,0.00034799423232,0.1528458569663344,trans,Liver,11.0,55208056.0,11,55602850,0.4903835969054553
CEL-15_16073911,Steap4,0.0003582054827403,0.1572098935412208,trans,Liver,15.0,14320273.0,15,16094380,1.067795597928804
rs13478486,Gbp4,0.0003607099573095,0.1573024266252484,trans,Liver,5.0,118405616.0,5,119181448,0.0895844213763411
rs6164049,Moxd1,0.0003812359954945,0.1624357170726995,cis,Liver,2.0,24827273.0,2,25395302,1.8014524250992048
rs8242897,Sult1e1,0.0003831378800357,0.1625672876543643,trans,Liver,1.0,155607805.0,1,155750989,0.3554444218501864
rs6165881,Tymp,0.0003899696928253,0.1642060808401642,trans,Liver,15.0,51102729.0,15,51649192,2.4176316103699755
rs4223406,Mc1r,0.0003956529951757,0.1653564850936667,trans,Liver,2.0,113408432.0,2,113667509,0.8779103015533987
rs13480570,Saa1,0.0004118758642943,0.169453412830664,trans,Liver,10.0,30430649.0,10,30725948,1.501048731012461
rs3690010,Cd207,0.000415066185983,0.1703306996140725,trans,Liver,17.0,69149198.0,17,69322298,2.5139929754414925
gnf13.093.328,Srebf1,0.0004166286352745,0.1705147378187287,trans,Liver,13.0,93490941.0,13,93493822,0.1642515749496184
mCV22980985,Thrsp,0.0004242711522183,0.1717028720358722,trans,Liver,1.0,25632283.0,1,27171300,0.4173451889570678
rs13479903,Mcm10,0.0004254696839313,0.1717028720358722,trans,Liver,8.0,90839695.0,8,90852752,0.5459759592813099
CEL-9_29909656,Gys2,0.0004357381922296,0.1746009780319598,trans,Liver,9.0,25697556.0,9,29748546,1.3828206649478887
rs6279100,Pdia4,0.0004456312226497,0.1772888368773367,trans,Liver,4.0,155495857.0,4,155557886,0.530493682234927
rs13480575,Orm2,0.000476007472316,0.1830368346708125,trans,Liver,10.0,30725948.0,10,33372829,1.501048731012461
rs3683922,Tm7sf2,0.000472842932064,0.1830368346708125,trans,Liver,8.0,102918417.0,8,102982174,0.9124569545127934
CEL-7_88140553,Apoa5,0.000482683361706,0.1851713704501975,trans,Liver,7.0,107628914.0,7,107944155,2.5578817153026563
CEL-15_74122863,Elovl6,0.0004885473396756,0.1869524104736774,trans,Liver,15.0,73370669.0,15,73667428,0.6238215129131234
rs3678982,Sult1c1,0.0005485289212588,0.2025626656676717,trans,Liver,11.0,117410376.0,11,117722783,0.7605613290713729
rs6405854,Onecut1,0.0005501007350071,0.2026541980892453,trans,Liver,15.0,86803133.0,15,87307012,0.3139760324195537
rs3659857,Derl3,0.0006147811626901,0.2165784188967927,trans,Liver,19.0,13033815.0,19,14870326,1.9835400938987888
rs3695308,Wdr5b,0.0006190654011646,0.2177118962101434,trans,Liver,3.0,32476136.0,3,33601927,0.5251321455966916
rs13481972,Slc16a10,0.0006268741645745,0.2193242848527992,trans,Liver,13.0,100123265.0,13,100636777,0.0868829049934018
rs13476689,Sult1a1,0.000647830787613,0.223368367994351,trans,Liver,2.0,107081147.0,2,107305294,0.7438844451865823
D18Mit4,Upp2,0.0006469753183553,0.223368367994351,trans,Liver,18.0,82409997.0,18,84295656,0.1644624364160948
rs13478832,Mchr1,0.0006552858179614,0.2246434257194254,trans,Liver,6.0,76132093.0,6,76390846,0.260314359743457
rs13478309,1810023F06Rik,0.0006594315732209,0.2254335500832547,unknown,Liver,5.0,67289020.0,5,67538358,1.07156277465466
UT_2_158.095429,Spata3,0.000661795761617,0.2259894113534915,trans,Liver,2.0,156689630.0,2,157295559,0.2605431000847518
UT_2_158.095429,BC089597,0.0006658520526787,0.2266283806265254,trans,Liver,2.0,156689630.0,2,157295559,0.2605431000847518
gnf15.098.211,Clec4g,0.0006742491696902,0.2276908939277495,trans,Liver,15.0,98553459.0,15,98887561,0.7237741145504848
rs13482680,Inhbe,0.0007047805450587,0.2333369299480101,trans,Liver,15.0,82944825.0,15,83609704,0.5589058124138984
rs13481103,1700001C19Rik,0.0007273925353756,0.2361410829371842,trans,Liver,11.0,73923769.0,11,75078947,0.1651060495105012
rs13481980,Hspb8,0.000749515279905,0.2397634375433822,trans,Liver,13.0,103442135.0,13,103588230,0.278023892243993
gnf13.099.677,Insig1,0.0007734309290209,0.2432203912550196,trans,Liver,13.0,99628244.0,13,99793980,0.1113825742016697
rs13476693,9530039L23Rik,0.0007889988556188,0.2455745362474857,trans,Liver,2.0,108697732.0,2,109233749,0.7438844451865823
rs3695980,4930569F06Rik,0.0008008874731251,0.2474267815338955,trans,Liver,1.0,100806655.0,1,101469745,0.8584992679042904
rs3653396,Sds,0.0008045976818398,0.2474346552633305,trans,Liver,19.0,40657509.0,19,41716546,0.3428394901279702
rs8254361,Sdr9c7,0.000807160940638,0.2478445553893437,trans,Liver,9.0,116482254.0,9,119247088,0.6999340148619354
rs13481999,Nrg4,0.0008135968928167,0.249320618998332,trans,Liver,13.0,107925489.0,13,108070278,0.7800447781509262
rs13476693,Olfr427,0.0008292317065203,0.2531690024128606,trans,Liver,2.0,108697732.0,2,109233749,0.7438844451865823
rs13479186,Ceacam2,0.0008399659785492,0.2546381646245393,trans,Liver,7.0,31950331.0,7,35185656,0.6406553073666994
rs4139555,Lrit1,0.0008393275844139,0.2546381646245393,trans,Liver,15.0,12972089.0,15,13023539,1.5897368371838505
rs13481282,C9,0.0008485768680104,0.2561932229440388,cis,Liver,11.0,121409303.0,12,5951281,0.1487087238483464
rs3023691,Cyp2a12,0.0008701331315086,0.2598820257048976,trans,Liver,9.0,121386992.0,9,121678392,0.6094529712274888
rs6358921,Sult5a1,0.0009028111842216,0.2666502698436013,trans,Liver,4.0,150309624.0,4,150459961,1.311736295650506
mCV24836796,4931408D14Rik,0.000903644041573,0.2666644243472334,trans,Liver,18.0,84295656.0,18,85689515,0.1217727776405705
rs3656996,Cyp2a4,0.0009113081562247,0.2683831012159861,trans,Liver,9.0,51758215.0,9,51995283,0.637628665243946
rs6329109,Slc17a4,0.0009149288610302,0.2684320863045221,trans,Liver,11.0,42844127.0,11,43546318,0.097216121152262
rs3671719,Apol7a,0.000922529377764,0.2696815722662345,trans,Liver,18.0,85689515.0,18,85968792,0.7990218621547895
CEL-2_18096278,Stc1,0.0009415961205418,0.2723254321759156,trans,Liver,2.0,17833383.0,2,17962148,1.6300215215206868
rs13480072,Serpina6,0.0009702593664715,0.2773401693876205,trans,Liver,9.0,12359772.0,9,12641845,0.845439495329686
CEL-2_111981058,Defb19,0.0009727139780848,0.277558161618292,trans,Liver,2.0,109829996.0,2,111930241,0.8982406665763202
rs4136084,Mia2,0.0009917443640366,0.2804698869549547,trans,Liver,7.0,36124857.0,7,37123347,1.3161583898171834
rs13482948,Ppp1r3g,0.0010527098122721,0.2938349835160844,trans,Liver,17.0,32068298.0,17,32078991,0.7413215345650291
rs13482313,Slc25a25,0.0010573868907306,0.2938349835160844,trans,Liver,14.0,91322093.0,14,94110424,0.2062929387801218
gnf09.108.878,Ppp1r3b,0.0010754420403306,0.2950103265758761,trans,Liver,9.0,111864945.0,9,112051865,0.5482554483803214
CEL-15_16073911,Creld2,0.00108223985267,0.2964765812411617,trans,Liver,15.0,14320273.0,15,16094380,1.067795597928804
rs13482028,8430408G22Rik,0.001085679795449,0.2970574230731489,cis,Liver,13.0,116719470.0,13,117040319,0.5647419987159811
CEL-3_119667160,Agxt2l1,0.001127758682308,0.3027159421017703,trans,Liver,3.0,118290074.0,3,119016593,0.2170298548597573
rs13481455,Trib3,0.0012471323605641,0.3159458713700678,trans,Liver,12.0,50066537.0,12,53911048,1.3867397652170244
rs13482711,BC014805,0.0012923983416957,0.3210139218932019,trans,Liver,15.0,91723349.0,15,91889319,1.7414073740836458
UT_2_159.241221,C730007P19Rik,0.0013102413767201,0.3223077975922946,trans,Liver,2.0,157820959.0,2,158441351,0.0537056588792964
rs6406122,Igtp,0.0013161103758549,0.3224559952162804,trans,Liver,5.0,59037550.0,5,60389645,0.5139182714212556
rs6222797,Apol9b,0.0013376193099884,0.3244797346138127,trans,Liver,2.0,64696669.0,2,64957108,0.4158947681377313
rs13476003,Xist,0.0013734908965402,0.3273228476539538,cis,Liver,1.0,96873867.0,1,99682297,0.7662303822339589
rs13483545,Cxcl1,0.0013936093905056,0.3285591100283809,trans,Liver,19.0,16955951.0,19,17198568,0.3477117833339522
rs4231742,Rad51l1,0.001401989465064,0.3291406801202877,trans,Liver,18.0,9902165.0,18,11084828,0.5184377382622194
mCV24836796,Cyp2b13,0.001405050151727,0.3295249601530466,trans,Liver,18.0,84295656.0,18,85689515,0.1217727776405705
rs3690259,Cyp26a1,0.0014482586772881,0.3333564800227637,trans,Liver,10.0,112836909.0,10,113993905,0.9932371687313946
rs13483510,Inhba,0.0016070682822515,0.3558636207272143,trans,Liver,19.0,4845967.0,19,6372547,1.0327806133063322
D15Mit13,C8a,0.001620021219264,0.3576969462536109,trans,Liver,15.0,3229129.0,15,3410212,2.38361938995499
CEL-15_4222769,Cyp4a14,0.0016746240622926,0.3655349104698867,trans,Liver,15.0,3927910.0,15,4349255,1.447100930840113
rs4165081,Agmat,0.0017143047687678,0.3688659462127939,trans,Liver,16.0,17663456.0,16,19883171,0.0542433038302362
gnf05.060.451,3110001K24Rik,0.0017553474599683,0.3731211165586293,unknown,Liver,5.0,65141992.0,5,66546701,0.4000854391971467
rs3703438,EG624219,0.0017924246754243,0.3758395345450117,unknown,Liver,2.0,171214529.0,2,171222944,0.2115936957522576
rs3695339,V1rd1,0.0019435074610541,0.3898935780453856,unknown,Liver,4.0,103839033.0,4,104187378,0.9013222772861188
rs6400423,Leap2,0.0019498654598815,0.3909129092510089,trans,Liver,8.0,126224093.0,8,129106325,0.3326894601708157
rs6179144,Sstr5,0.0019632909170445,0.3922546436966042,trans,Liver,14.0,101113741.0,14,101641911,0.2352394421997398
rs13480575,Orm1,0.0021069238952993,0.4001458883549694,trans,Liver,10.0,30725948.0,10,33372829,1.501048731012461
rs6184735,Gch1,0.0022174304651534,0.4094042045607922,trans,Liver,13.0,113594874.0,13,114047798,0.105621495303598
mCV23591750,Isg15,0.0023011263167586,0.4152237012765433,trans,Liver,1.0,47261017.0,1,51301741,0.235246227524336
rs13478727,Prlr,0.002363022386343,0.4193659253713175,trans,Liver,6.0,40749295.0,6,43776811,0.3919804652057618
rs13476594,Clec4f,0.0024082616408679,0.4207983181948247,trans,Liver,2.0,79183601.0,2,79609075,0.8331446291934455
rs13479807,Lrtm1,0.0023936579544188,0.4207983181948247,trans,Liver,8.0,67943228.0,8,68141750,0.1279916134755214
rs3675233,Hes1,0.0024046964460745,0.4207983181948247,trans,Liver,8.0,91905250.0,8,92275914,0.0046109023867783
rs13478031,Dct,0.0024394516601263,0.4210850037883268,trans,Liver,4.0,142959727.0,4,144118897,1.1369239444844164
rs6322563,Irf7,0.0024407953955836,0.4210850037883268,trans,Liver,1.0,45566204.0,1,46925671,0.1176477721094868
rs6184735,Mt1,0.0025041895459574,0.4254232576128768,trans,Liver,13.0,113594874.0,13,114047798,0.105621495303598
rs13476418,Lrg1,0.0025161672938377,0.4259729789977636,trans,Liver,2.0,32470462.0,2,33073858,2.7708529074240844
rs3701438,Hp,0.0025473474714316,0.4273067208297055,trans,Liver,19.0,25410811.0,19,25740940,0.0213205638488567
rs13459157,2010003K11Rik,0.002583487495858,0.4305381208666375,cis,Liver,19.0,3413095.0,19,3717263,0.9669339775868614
mCV24736382,Dio1,0.0026273354285186,0.4344163968376926,trans,Liver,19.0,54618712.0,19,54908633,0.6031472132914185
rs13482711,BC023105,0.0028071621682878,0.4486418154794962,trans,Liver,15.0,91723349.0,15,91889319,1.7414073740836458
rs6165881,Cabc1,0.002809418456767,0.4487672746322322,trans,Liver,15.0,51102729.0,15,51649192,2.4176316103699755
CEL-5_14729534,Mt2,0.0028357981202311,0.4496969144444928,trans,Liver,5.0,15759206.0,5,15875693,2.1083298253820697
mCV24836796,Cyp2b9,0.0032153059667085,0.4720121231418474,trans,Liver,18.0,84295656.0,18,85689515,0.1217727776405705
rs13480256,Acnat2,0.0033563340372735,0.4797666397086998,trans,Liver,9.0,66838171.0,9,67878904,0.2243040990704241
rs8273881,Osgin1,0.0034602394666216,0.4844822359021184,trans,Liver,13.0,54980447.0,13,55500311,0.1662277242857806
gnf08.119.598,Raet1a,0.0037423783827293,0.4973093682926257,trans,Liver,8.0,120068915.0,8,120904595,0.4223939499670902
mCV24836796,Cyp2b10,0.0038900184586417,0.503009373117107,trans,Liver,18.0,84295656.0,18,85689515,0.1217727776405705
rs6199138,Ddx56,0.0040282552213957,0.5082029300885168,trans,Liver,3.0,157182752.0,3,157458210,0.0258771209560394
rs13482398,Avpr1a,0.004085545174637,0.5120706069939375,cis,Liver,14.0,120110881.0,14,120370955,0.7180165998504329
rs13481999,Ang,0.0043411209120524,0.5222327582225494,trans,Liver,13.0,107925489.0,13,108070278,0.7800447781509262
mCV25429984,Serpina7,0.004806727144612,0.5385293813144948,trans,Liver,10.0,118418862.0,10,118763482,0.6978923005163209
rs13478882,Itih3,0.005011331494373,0.5436517139331547,trans,Liver,6.0,89298447.0,6,89615026,1.1268583645683965
rs8254361,Hal,0.0050142156881818,0.5438554238856443,trans,Liver,9.0,116482254.0,9,119247088,0.6999340148619354
rs6164049,F2,0.0051196594374257,0.5481203293703211,trans,Liver,2.0,24827273.0,2,25395302,1.8014524250992048
rs8254361,Olfr644,0.0053370258301567,0.5576299452357858,trans,Liver,9.0,116482254.0,9,119247088,0.6999340148619354
rs13480619,Prg4,0.0053679093398358,0.5588312741013708,trans,Liver,10.0,53462955.0,10,57472268,0.1241172243405211
rs3666905,Cryba1,0.0056712698637508,0.5684010769373029,trans,Liver,1.0,189435368.0,1,189866757,0.4030057378819774
rs13475982,Fuz,0.0057894912072685,0.5706384280650795,trans,Liver,1.0,93549972.0,1,94229306,0.5313880018436614
rs3686162,Nr1i3,0.0058898198729273,0.5735664809183219,trans,Liver,11.0,97970259.0,11,98005075,1.045644683909668
rs6325706,Slc25a15,0.0077691520407092,0.6117187640513048,trans,Liver,11.0,36616453.0,11,38777269,0.0432094124987915
CEL-5_79059370,Lta,0.0091569193139789,0.6393336194203172,trans,Liver,5.0,78347363.0,5,80716993,0.1217147516789371
rs13476358,Prph2,0.0096312900593792,0.6452751167524408,trans,Liver,2.0,13357844.0,2,16227339,1.49209067895509
rs3664300,Ppargc1b,0.0097323829307859,0.6458444818351338,trans,Liver,9.0,63807120.0,9,64300970,0.6108117626740592
rs13479320,Pphln1,0.0119204893715479,0.6675125176967623,trans,Liver,7.0,76941381.0,7,77106359,0.3492439348264874
rs13477421,Cpa5,0.0148180558825856,0.694230460915218,trans,Liver,3.0,132350866.0,3,133905167,0.3147406112718336
rs13482865,Olfr397,0.0172538600525154,0.7181009169870807,trans,Liver,17.0,9565936.0,17,9642685,0.1699914446453825
rs13479309,Zfp647,0.0194312372426702,0.7321355377873362,trans,Liver,7.0,73604599.0,7,74156586,0.0610911135383073
rs13482680,Fdxacb1,0.019649593718662,0.7346854008348366,trans,Liver,15.0,82944825.0,15,83609704,0.5589058124138984
rs8254361,Pabpc2,0.0205192426522532,0.7446745221906204,trans,Liver,9.0,116482254.0,9,119247088,0.6999340148619354
rs6299827,Olfr1484,0.0251910651661391,0.7678213197316028,trans,Liver,8.0,102254876.0,8,102918417,0.3370417983358211
rs13479163,Tnfrsf23,0.026461128856931,0.7707067529622997,trans,Liver,7.0,25722935.0,7,27852866,0.1141490961511772
rs4225252,Eif2ak3,0.0276648457024579,0.775431584324602,trans,Liver,5.0,66893863.0,5,67053114,1.07156277465466
rs13476036,Elk1,0.0294596701414506,0.7833122489619248,trans,Liver,1.0,108527642.0,1,108755358,0.3393289732881848
rs13479338,Trpc5,0.0302422722194244,0.7857333542219139,trans,Liver,7.0,81093848.0,7,81203871,0.5956230013830461
rs13478971,Ppp1r1c,0.0306372321196127,0.7874271520958396,trans,Liver,6.0,110884644.0,6,111249787,0.3171588494909687
rs6260116,Hoxa3,0.031009529812121,0.7891487901929968,trans,Liver,7.0,72088024.0,7,72948115,0.5145424577374826
gnf05.040.979,Ptk6,0.0311053076258973,0.7893265333245408,trans,Liver,5.0,46470710.0,5,46967391,1.709663867792885
gnf07.013.809,Galntl4,0.0311686682103091,0.7896906461763729,trans,Liver,7.0,19794683.0,7,19988355,0.1419094700128245
CEL-1_98681809,E2f1,0.0348532777427347,0.8029366321397858,trans,Liver,1.0,100503509.0,1,100689878,0.8584992679042904
rs13483818,Gnrh1,0.0374802694256531,0.8072078782387836,cis,Liver,20.0,68694215.0,20,69187247,0.6984246632926986
rs3657266,Igsf11,0.0391051424889246,0.8107331604130575,trans,Liver,11.0,58923979.0,11,59042857,0.0110933460624107
rs13479996,2900064B16Rik,0.0434636997788492,0.8214277329260057,trans,Liver,8.0,116236688.0,8,116313820,0.6419934130433045
rs13479339,Pcdhb8,0.0465796968805557,0.8255579293183012,trans,Liver,7.0,81420251.0,7,81491657,0.2256103973492366
D18Mit4,Olfr242,0.0486975235512977,0.8303313705569706,trans,Liver,18.0,82409997.0,18,84295656,0.1644624364160948
D1Mit11,Gsdma2,0.0489160479853974,0.8303622851347041,cis,Liver,1.0,99958651.0,1,100443637,0.7662303822339589
rs13483510,1700124K17Rik,0.0513833946158012,0.8325712786129963,unknown,Liver,19.0,4845967.0,19,6372547,1.0327806133063322
rs13479163,Pcdhb5,0.0524627161240995,0.8347453608645443,trans,Liver,7.0,25722935.0,7,27852866,0.1141490961511772
rs13483822,4921523A10Rik,0.0541927330436045,0.838206038260247,trans,Liver,20.0,69187247.0,20,70261114,0.6984246632926986
gnf04.119.329,D0Kist2,0.0554892914394126,0.8406531017752691,unknown,Liver,4.0,122536809.0,4,123676434,0.6715026759842778
rs13481845,EG244495,0.0567132805407371,0.8447779745031226,unknown,Liver,13.0,59805606.0,13,63061924,0.0180530003961544
rs13480763,Fam149b,0.059934155362683,0.8497264899807783,trans,Liver,10.0,109905593.0,10,110380616,0.9185495390850816
rs13476358,Stk35,0.0624419423111407,0.8537914062956621,trans,Liver,2.0,13357844.0,2,16227339,1.49209067895509
rs3666143,Zbed3,0.0667532685563847,0.8612976470519206,trans,Liver,5.0,60835061.0,5,63372868,0.2015053931364119
rs6375364,Slc8a3,0.0682065325810003,0.8642451629257403,trans,Liver,9.0,105983686.0,9,106321565,1.0577630660437185
rs13484060,Nox1,0.3020495440991873,0.8647956620903021,trans,Liver,20.0,135887117.0,20,143400777,0.4336814648286808
rs13471817,1700066C05Rik,0.3724449351614699,0.8647956620903021,trans,Liver,1.0,62750756.0,1,63198205,0.7168485756583397
rs3659806,Lca5,0.2674476398992627,0.8647956620903021,trans,Liver,1.0,23151888.0,1,23170316,0.89526354946538
rs3654866,Krtap16-3,0.2685434469694547,0.8647956620903021,unknown,Liver,1.0,13373071.0,1,13697099,1.325248813982351
rs13475728,Dnajc16,0.3285662815044551,0.8647956620903021,trans,Liver,1.0,11731388.0,1,12711281,0.5213402125439665
rs13483609,A430107O13Rik,0.2279753940781879,0.8647956620903021,trans,Liver,19.0,36251060.0,19,36661714,0.2561276209561477
rs13484060,9930111J21Rik,0.3313055998114952,0.8647956620903021,unknown,Liver,20.0,135887117.0,20,143400777,0.4336814648286808
CEL-7_46763479,Gm22289,3.4875356790824264e-30,1.2325195217374827e-24,unknown,Hypothalamus,7.0,65717523.0,7,66413236,0.5140934931670188
CEL-7_46763479,Gm26337,4.5513429585336586e-27,8.042382304732526e-22,unknown,Hypothalamus,7.0,65717523.0,7,66413236,0.5140934931670188
CEL-17_29530297,Glo1,1.050625418236487e-26,1.2376612572756738e-21,cis,Hypothalamus,17.0,30022647.0,17,31061912,0.3204824624395289
rs3690581,Alad,4.309699149891434e-26,3.807694618664205e-21,cis,Hypothalamus,4.0,61518987.0,4,62368291,0.8345687124427899
CEL-15_81685254,Cbx7,1.9677680173332e-25,8.692787396270927e-21,cis,Hypothalamus,15.0,79746550.0,15,81179714,0.7192774479920606
rs13482680,Cyb5r3,2.42185662240578e-24,9.510012037272884e-20,cis,Hypothalamus,15.0,82944825.0,15,83609704,0.5589058124138984
rs13477674,Gm10590,1.3143415162992896e-23,4.644974922507831e-19,cis,Hypothalamus,4.0,43209772.0,4,43562053,0.1344844220155006
rs6246291,Rfk,1.4729274895521404e-23,4.732208048183212e-19,cis,Hypothalamus,19.0,17198568.0,19,18018146,0.3477117833339522
rs6169571,Ublcp1,3.552632482020494e-22,9.657886058257052e-18,cis,Hypothalamus,11.0,44552713.0,11,44783606,0.2184733913179874
rs4163042,Pdxdc1,1.1796498810896306e-21,1.985221550124967e-17,cis,Hypothalamus,16.0,12472871.0,16,13142434,0.102747224222792
CEL-7_46763479,LOC102640399,2.4279704035897483e-21,3.575257235089342e-17,unknown,Hypothalamus,7.0,65717523.0,7,66413236,0.5140934931670188
rs13480288,Mela,2.847783965725675e-21,3.727506622130421e-17,trans,Hypothalamus,9.0,77217284.0,9,77247379,0.0820125912146531
gnf12.053.073,Eapp,4.057459080879e-20,4.481045129363139e-16,cis,Hypothalamus,12.0,55741344.0,12,55866588,0.4117389191451268
UT_11_29.443258,C530030P08Rik,9.49830965086074e-20,1.0172027632671944e-15,trans,Hypothalamus,11.0,28975003.0,11,29445002,0.2578030386377531
rs6176494,Snord53,1.2321000922522398e-19,1.2440937065788209e-15,cis,Hypothalamus,17.0,70599746.0,17,71101565,2.4180461689411814
rs13481353,Gm10476,1.5677311659314502e-19,1.4974247788063137e-15,trans,Hypothalamus,12.0,26165834.0,12,26476092,0.4511243584762376
rs3673305,Mrpl35,2.960354025409389e-19,2.6825893206611694e-15,cis,Hypothalamus,6.0,71278246.0,6,71870605,0.2584878321802764
D14Mit60,Tmem260,8.101430559172415e-19,6.362449488056546e-15,unknown,Hypothalamus,14.0,47679977.0,14,47717468,0.357829504069708
rs4229284,Gm20472,1.2894222660619537e-18,9.113817095643136e-15,unknown,Hypothalamus,12.0,16835276.0,12,25779736,0.2176191239463882
rs6200761,LOC102637749,1.8089997025926568e-17,1.0835816235494292e-13,unknown,Hypothalamus,17.0,23322637.0,17,24119004,0.2108694105094532
rs6309949,9030025P20Rik,1.893295249697015e-17,1.1151729905161217e-13,trans,Hypothalamus,17.0,10586984.0,17,11481618,0.0853883184144128
CEL-15_81685254,Rpl3,2.7271101003234802e-17,1.4602724230682124e-13,cis,Hypothalamus,15.0,79746550.0,15,81179714,0.7192774479920606
rs13476379,Gm13375,7.952744169249084e-17,3.798047917056501e-13,cis,Hypothalamus,2.0,19938934.0,2,22676436,2.4956691023041504
930923,Ackr1,1.2608161674746875e-16,5.786769601282167e-13,unknown,Hypothalamus,1.0,174792335.0,1,175262195,0.3013576504585322
rs6164049,Tmem203,4.262779285043553e-16,1.8371902912065688e-12,cis,Hypothalamus,2.0,24827273.0,2,25395302,1.8014524250992048
rs13477674,Gm3893,1.2043068199686529e-15,4.849219757981034e-12,cis,Hypothalamus,4.0,43209772.0,4,43562053,0.1344844220155006
CEL-7_46763479,Gm25089,2.793642213148188e-15,1.061605068410819e-11,unknown,Hypothalamus,7.0,65717523.0,7,66413236,0.5140934931670188
rs3667484,Gadd45gip1,1.95478541261404e-14,6.517309889770659e-11,cis,Hypothalamus,8.0,85707108.0,8,85950408,0.0933878686468775
rs13476219,Creg1,2.6511871552590844e-14,8.595854119070158e-11,cis,Hypothalamus,1.0,165315111.0,1,168178248,0.0707782365186128
rs3164478,Snrpe,2.357817881745551e-13,6.265183038601875e-10,cis,Hypothalamus,1.0,135259675.0,1,135283863,0.0151378830154015
rs4229284,Gm22748,2.9395948848985746e-13,7.528068184690947e-10,unknown,Hypothalamus,12.0,16835276.0,12,25779736,0.2176191239463882
rs3664897,Cd59a,1.0660729146799352e-11,2.2560337159179163e-08,trans,Hypothalamus,13.0,66981471.0,13,67600532,0.1490166823396722
rs3724260,Serpina3n,1.3664412924460064e-11,2.8240346072483377e-08,cis,Hypothalamus,12.0,105632191.0,12,105957285,0.0800258557297854
UT_5_145.838572,Gm8840,2.7367922205936957e-11,5.3733418239075344e-08,trans,Hypothalamus,5.0,147658808.0,5,147766887,0.1557336067563871
CEL-7_46763479,LOC102639749,6.277832569491429e-11,1.1205201893364937e-07,unknown,Hypothalamus,7.0,65717523.0,7,66413236,0.5140934931670188
rs3669806,Sfi1,6.938160965230715e-10,1.0174251669042708e-06,trans,Hypothalamus,4.0,147659225.0,4,148197078,1.3626952274818924
CEL-7_46763479,Gm24495,3.120382355793352e-09,4.324568498877887e-06,unknown,Hypothalamus,7.0,65717523.0,7,66413236,0.5140934931670188
rs3723643,B2m,3.535420675441302e-09,4.880634432209704e-06,cis,Hypothalamus,2.0,121412769.0,2,122144319,1.4966987379088446
UT_12_23.29234,Adi1,1.0975948238103268e-08,1.3149074369435124e-05,cis,Hypothalamus,12.0,29344231.0,12,29552027,1.4613327205481532
rs3719306,Fam177a,1.902333394787768e-08,2.134279168418288e-05,unknown,Hypothalamus,12.0,57107315.0,12,58773265,0.5800086216037731
rs3719306,LOC100503822,4.431726065283569e-08,4.579540975303129e-05,unknown,Hypothalamus,12.0,57107315.0,12,58773265,0.5800086216037731
rs3667484,Wdr83os,8.17407879141287e-08,8.114541189429348e-05,unknown,Hypothalamus,8.0,85707108.0,8,85950408,0.0933878686468775
CEL-7_46763479,Gm25874,8.68736812546863e-08,8.388460948408447e-05,unknown,Hypothalamus,7.0,65717523.0,7,66413236,0.5140934931670188
CEL-7_46763479,Gm23660,1.672375679210276e-07,0.000151453538395,unknown,Hypothalamus,7.0,65717523.0,7,66413236,0.5140934931670188
rs3661495,Stab2,2.568862465839929e-07,0.0002214277993817,trans,Hypothalamus,10.0,91382291.0,10,92120896,0.1279858137203021
rs4226649,Gm25229,2.580775837607033e-07,0.0002219134419564,unknown,Hypothalamus,7.0,73078958.0,7,73194873,0.5145424577374826
CEL-5_70813533,Gabra2,5.347352872496414e-07,0.0004190226023526,cis,Hypothalamus,5.0,72415729.0,5,72569708,0.4712338869449717
rs3710916,Gm7120,1.915625067707414e-06,0.0012797642879078,trans,Hypothalamus,13.0,120203851.0,14,8852064,0.2503392581983898
CEL-7_46763479,Gm23145,1.9662092973198672e-06,0.0013086104126891,unknown,Hypothalamus,7.0,65717523.0,7,66413236,0.5140934931670188
rs13481041,Gm25647,7.754829433237922e-06,0.0044781225580266,unknown,Hypothalamus,11.0,56329568.0,11,56515096,0.4997109079329985
CEL-7_46763479,Gm23305,1.95555197685574e-05,0.0102083568313834,unknown,Hypothalamus,7.0,65717523.0,7,66413236,0.5140934931670188
rs4226520,Pisd-ps1,2.237800634201508e-05,0.0114949768710937,trans,Hypothalamus,7.0,27852866.0,7,30566471,0.5936830583571022
rs13482236,Entpd4,2.532234208734588e-05,0.0128578921696302,cis,Hypothalamus,14.0,68529236.0,14,69076187,0.2618672472987688
rs6257938,n-R5s25,4.068328052872681e-05,0.0187944524468179,trans,Hypothalamus,19.0,53252872.0,19,53459279,0.0610973609322505
rs3088940,Gm25646,5.5445775155398496e-05,0.0241316811087979,unknown,Hypothalamus,11.0,55886003.0,11,56329568,0.4997109079329982
rs3725470,mt-Tm,5.710812358733899e-05,0.0245827169703175,trans,Hypothalamus,14.0,90775701.0,14,90809181,0.7179565095273741
CEL-13_108547592,Tmem254b,5.761990157976936e-05,0.0247127142689339,unknown,Hypothalamus,13.0,111811238.0,13,112403814,0.0836287545242073
rs6245069,Sgk1,5.898293539671255e-05,0.0252360559924285,trans,Hypothalamus,6.0,98028111.0,6,98258573,0.945211333338954
rs3672117,Nlrp5-ps,6.373993488206564e-05,0.0271399267070676,unknown,Hypothalamus,19.0,32747208.0,19,32961544,1.1939140838041156
D9Mit243,Gm12643,8.959791323100699e-05,0.0359008273483338,trans,Hypothalamus,9.0,113200234.0,9,113283205,0.4660768664765754
rs3023480,Aldh1a1,9.729152882696825e-05,0.0385897949810913,cis,Hypothalamus,19.0,20420342.0,19,20420531,0.0726202127736937
rs3701432,Cox7c,0.0001036838433142,0.0403108867042269,trans,Hypothalamus,4.0,28249560.0,4,29190386,1.583792059955853
rs6361015,mt-Te,0.0001242902641315,0.0472820768309325,trans,Hypothalamus,17.0,84146862.0,17,85144748,3.171915891515304
rs8243055,Gm10800,0.0001396145711814,0.0516657243534195,trans,Hypothalamus,11.0,51824799.0,11,52067554,0.3608164133135044
CEL-3_133070717,Etnppl,0.0001628116307302,0.0587130305933424,unknown,Hypothalamus,3.0,129527944.0,3,132189066,0.4473141807849643
rs13478430,Ctss,0.0001888454478438,0.0659479280495558,trans,Hypothalamus,5.0,103545840.0,5,103696017,0.0644968972843931
rs13476137,LOC101056102,0.000194037097614,0.0668363241291154,unknown,Hypothalamus,1.0,138462986.0,1,141128164,0.4477472904425564
rs6300458,mt-Tr,0.0002011255595467,0.0687419541806147,trans,Hypothalamus,14.0,105265083.0,14,105565103,0.1582127763187886
rs13476883,1700048O20Rik,0.0002086436781679,0.0703589087502882,trans,Hypothalamus,2.0,161871394.0,2,162322314,0.9644420727105374
rs13481027,Meis2,0.0002238063732119,0.0743371606557582,trans,Hypothalamus,11.0,52342339.0,11,52778234,0.4971893144633795
rs13480419,Gm23245,0.0002477550121649,0.080476429764868,unknown,Hypothalamus,9.0,110701162.0,9,111095499,0.1410990694069455
rs13478924,Snora3,0.0004376786211272,0.1268199681883079,trans,Hypothalamus,6.0,98959904.0,6,99053858,0.945211333338954
rs6193060,Snord14d,0.0004649331346197,0.1322951886526338,trans,Hypothalamus,19.0,61116699.0,19,61297371,0.9742436825743256
rs4215067,Scarna13,0.000486135367239,0.1373330469463161,trans,Hypothalamus,16.0,88033028.0,16,88183108,0.3263718755777803
rs3700286,Zbtb16,0.0005348620606873,0.1465302296754501,trans,Hypothalamus,2.0,101560604.0,2,102471685,1.779999764792964
rs13481657,Hist2h2ab,0.0005485340678845,0.1492346261192284,trans,Hypothalamus,12.0,112426349.0,12,113741491,0.2050980614416635
rs3658906,Nov,0.0005581560215811,0.1502829671612985,trans,Hypothalamus,11.0,68849650.0,11,68922568,0.1852469117704954
rs13480122,Ifit3,0.0005916352698079,0.1563859729222322,trans,Hypothalamus,9.0,30287464.0,9,30964211,1.2094718783604892
rs13476958,Slc6a3,0.0006065831882146,0.159265040711271,trans,Hypothalamus,3.0,3785418.0,3,5904283,0.6933245787065274
gnf06.091.194,Laptm5,0.0006394410452853,0.166059823128691,trans,Hypothalamus,6.0,91961100.0,6,92246889,1.3265861107515122
rs6223431,Oxt,0.0006404500729312,0.166059823128691,trans,Hypothalamus,13.0,89562163.0,13,89637277,0.0021426856956511
rs3674982,Snora74a,0.0006640051908718,0.1711627151644379,trans,Hypothalamus,4.0,5606395.0,4,6820703,0.936869938192211
gnf10.036.935,ND6,0.0007012008269043,0.1766899358895261,unknown,Hypothalamus,10.0,38685357.0,10,38770868,1.3625536247172605
rs6286924,Ifitm3,0.0008492163164079,0.2015574148641944,trans,Hypothalamus,9.0,101340011.0,9,101943135,0.6457461962032396
D18Mit4,Gm24494,0.0008547814908786,0.2019289855260391,unknown,Hypothalamus,18.0,82409997.0,18,84295656,0.1644624364160948
CEL-2_113308376,Gm10796,0.0008663120132124,0.2041071531022551,trans,Hypothalamus,2.0,112125008.0,2,113257559,0.877079763458431
rs13477246,Mirg,0.0009194121165013,0.2095164673673808,trans,Hypothalamus,3.0,85931836.0,3,87487048,0.3305912982072324
rs13477538,Gm23444,0.0009781010618273,0.2180869160613444,unknown,Hypothalamus,4.0,4494214.0,4,5363014,0.5180393816927313
rs4212186,1700054O19Rik,0.0010364451690373,0.2270843012113966,trans,Hypothalamus,16.0,85087449.0,16,85165754,0.1626962160318474
rs13478934,Snora16a,0.0010520455702219,0.229648096871783,trans,Hypothalamus,6.0,101797293.0,6,102028008,1.5665896217474968
rs13481636,Gm23736,0.00105691095096,0.2300177441744311,unknown,Hypothalamus,12.0,107634513.0,12,108786162,0.0870223385417589
mCV24394003,Snord49b,0.0011252112430919,0.239697124645806,trans,Hypothalamus,13.0,84841126.0,13,87427648,0.1354366378615866
rs3088940,Mir598,0.0011549191643161,0.2450285076609595,trans,Hypothalamus,11.0,55886003.0,11,56329568,0.4997109079329982
rs13481041,Gm25870,0.0011557850361504,0.2450285076609595,unknown,Hypothalamus,11.0,56329568.0,11,56515096,0.4997109079329985
rs13478924,Snora73b,0.001162324591381,0.2462671743802232,trans,Hypothalamus,6.0,98959904.0,6,99053858,0.945211333338954
D18Mit4,Snord57,0.0011766515004564,0.2476833570275719,trans,Hypothalamus,18.0,82409997.0,18,84295656,0.1644624364160948
rs6290401,Hbb-bs,0.0012244479775947,0.2520940913734883,unknown,Hypothalamus,3.0,141704636.0,3,142297854,0.0605431456972877
rs13477528,Hdc,0.0012785923589239,0.257309297887764,trans,Hypothalamus,3.0,157878564.0,3,159475020,0.0258771209560394
rs13481111,Snord47,0.0013228535509717,0.2624961846649465,trans,Hypothalamus,11.0,76761052.0,11,76824057,0.17242730326434
rs8243055,Gm23347,0.0014329163208356,0.275068884227412,unknown,Hypothalamus,11.0,51824799.0,11,52067554,0.3608164133135044
rs6288319,mt-Th,0.0014358385789394,0.2751818897327841,trans,Hypothalamus,13.0,90560308.0,13,91275495,0.0100760188989875
rs13482398,Malat1,0.0014413977581137,0.2756799499232173,trans,Hypothalamus,14.0,120110881.0,14,120370955,0.7180165998504329
CEL-7_46763479,Slc13a4,0.0016289414867126,0.2979706645935165,trans,Hypothalamus,7.0,65717523.0,7,66413236,0.5140934931670188
rs8243055,C230004F18Rik,0.001638849827734,0.298394214491943,trans,Hypothalamus,11.0,51824799.0,11,52067554,0.3608164133135044
rs13478070,Slc6a20a,0.0016700572760137,0.3029825111623211,trans,Hypothalamus,4.0,154876684.0,4,155042585,0.9428969296720678
rs8243055,D930030D11Rik,0.0016978436178274,0.3058604366386063,trans,Hypothalamus,11.0,51824799.0,11,52067554,0.3608164133135044
rs6212903,Cga,0.0017059630124683,0.3061036242905114,trans,Hypothalamus,10.0,92435431.0,10,92961482,0.1279858137203021
CEL-X_50598124,Sfrp5,0.0018649964149943,0.3250013747701757,trans,Hypothalamus,20.0,55907642.0,20,56198835,0.2423992033183387
rs3690581,Gm25360,0.0018986194048065,0.3287532523245755,unknown,Hypothalamus,4.0,61518987.0,4,62368291,0.8345687124427899
rs3164054,Oasl2,0.0019255887142142,0.3298116232998055,trans,Hypothalamus,16.0,96944468.0,16,97244430,0.0439507473571025
rs8274734,Gm23612,0.0019948018769452,0.3360233302791202,unknown,Hypothalamus,16.0,97617115.0,16,97799872,0.2262982379422901
rs13481041,Gm24564,0.0020277116117494,0.3396399488360538,unknown,Hypothalamus,11.0,56329568.0,11,56515096,0.4997109079329985
rs3657597,Gm23659,0.0020433517786537,0.3407903832178804,unknown,Hypothalamus,8.0,37203160.0,8,37571455,1.1601270585610708
rs13484060,Rny1,0.0020764658575332,0.3435569144724925,trans,Hypothalamus,20.0,135887117.0,20,143400777,0.4336814648286808
rs13481905,Gm24899,0.0020889852187164,0.3443146576680101,unknown,Hypothalamus,13.0,81063898.0,13,81246254,0.1723427546125599
rs13477442,Ddx3y,0.0021030359938682,0.3450932857658605,trans,Hypothalamus,3.0,138220054.0,3,138622072,0.5902308724366467
rs3668680,Mir679,0.0021033282802538,0.3450932857658605,trans,Hypothalamus,11.0,55602850.0,11,55886003,0.4274172332288102
rs3090664,Rnu2-10,0.0021378519951373,0.3483520313978993,unknown,Hypothalamus,12.0,10227154.0,12,10357494,0.1202305419963678
rs4222215,Snord82,0.0021662214263581,0.3510122951054413,trans,Hypothalamus,1.0,23822074.0,1,24002965,0.5554254305034356
rs4212186,AF357355,0.0021788076517815,0.3517614782060966,trans,Hypothalamus,16.0,85087449.0,16,85165754,0.1626962160318474
rs13482528,Gm25098,0.0022265647414621,0.3558948736254657,unknown,Hypothalamus,15.0,38818095.0,15,38822670,1.2759367469987946
rs13478430,Ly86,0.0022322190980911,0.3561543362524131,trans,Hypothalamus,5.0,103545840.0,5,103696017,0.0644968972843931
rs3090137,Snora44,0.0022726075651842,0.3593505320070554,trans,Hypothalamus,19.0,22531309.0,19,22873374,0.4673412454490959
rs13482528,LOC102642160,0.0022753835563417,0.3593634454311404,unknown,Hypothalamus,15.0,38818095.0,15,38822670,1.2759367469987946
rs6228270,Snora73a,0.0023399813595187,0.361656834598319,trans,Hypothalamus,19.0,60157522.0,19,60875941,0.7667219201871709
rs8274734,Gm23256,0.0023844913354746,0.3657534415781628,unknown,Hypothalamus,16.0,97617115.0,16,97799872,0.2262982379422901
rs13477442,Xist,0.0024075200558778,0.3677692522294482,trans,Hypothalamus,3.0,138220054.0,3,138622072,0.5902308724366467
gnf09.108.878,Scarna17,0.0024733479026028,0.3689736016104551,trans,Hypothalamus,9.0,111864945.0,9,112051865,0.5482554483803214
rs13476966,Snhg11,0.0025022077426168,0.3701517863342388,trans,Hypothalamus,3.0,7679815.0,3,8755000,0.5319689009468013
rs13481111,Fmod,0.0026998178785544,0.3830327326400241,trans,Hypothalamus,11.0,76761052.0,11,76824057,0.17242730326434
rs13481041,Nr4a2,0.0027661885403497,0.3865521524236446,cis,Hypothalamus,11.0,56329568.0,11,56515096,0.4997109079329985
rs3657597,Mir505,0.0027838949925986,0.3874942802872365,trans,Hypothalamus,8.0,37203160.0,8,37571455,1.1601270585610708
rs13483444,Gm23344,0.0027958584232702,0.3880543120852335,unknown,Hypothalamus,18.0,76110559.0,18,76297243,0.3538406963816512
rs4212186,Meg3,0.0028717443182288,0.3922337547577708,trans,Hypothalamus,16.0,85087449.0,16,85165754,0.1626962160318474
rs13480421,Ubl5,0.002998696878691,0.4015254681385585,trans,Hypothalamus,9.0,111560313.0,9,111761261,0.5482554483803214
rs13476958,Gm22834,0.0030081508154401,0.4016250680892546,unknown,Hypothalamus,3.0,3785418.0,3,5904283,0.6933245787065274
rs8243055,Firre,0.0031066919656812,0.4073964327924276,unknown,Hypothalamus,11.0,51824799.0,11,52067554,0.3608164133135044
rs4212186,Leng8,0.0033725104869456,0.422948478942512,trans,Hypothalamus,16.0,85087449.0,16,85165754,0.1626962160318474
rs3670168,Rnu73b,0.0035150112910774,0.4311120362938833,trans,Hypothalamus,3.0,126116579.0,3,127995452,0.3088018590656317
rs3677240,Gm10021,0.0035366891817398,0.4315452752315261,trans,Hypothalamus,17.0,44224865.0,17,44300073,0.8870509303276766
rs13482528,1700071K01Rik,0.0036037307594694,0.4326596310949875,trans,Hypothalamus,15.0,38818095.0,15,38822670,1.2759367469987946
rs4212186,Gm22348,0.0036868235350245,0.4372248378527122,unknown,Hypothalamus,16.0,85087449.0,16,85165754,0.1626962160318474
rs13476961,Gm25357,0.0037590005162367,0.4413489662456224,unknown,Hypothalamus,3.0,6400306.0,3,6807955,0.6933245787065274
rs3705890,Mir134,0.0040325758922946,0.4521848729360645,trans,Hypothalamus,18.0,77065228.0,18,77108822,0.5686048669586905
rs3657597,Mir680-2,0.0040549675234177,0.4527816453549731,trans,Hypothalamus,8.0,37203160.0,8,37571455,1.1601270585610708
rs4212186,Mir377,0.0041130692140639,0.4551522015268937,trans,Hypothalamus,16.0,85087449.0,16,85165754,0.1626962160318474
rs8274734,Mir341,0.0041460252691882,0.4564293392306145,trans,Hypothalamus,16.0,97617115.0,16,97799872,0.2262982379422901
rs13476966,Mir540,0.0042346901767419,0.4602249449609694,trans,Hypothalamus,3.0,7679815.0,3,8755000,0.5319689009468013
rs4212186,Rnpc3,0.0046278774578661,0.4794852796106986,trans,Hypothalamus,16.0,85087449.0,16,85165754,0.1626962160318474
rs13478293,mt-Tk,0.0049709763741619,0.4933698427689637,trans,Hypothalamus,5.0,63556502.0,5,63605205,0.3321469110691777
mCV22735181,Cpne9,0.0051730472332782,0.5005486857749205,trans,Hypothalamus,10.0,126934967.0,10,127146594,0.2820769422755892
CEL-14_72998213,Grm2,0.0054222529939501,0.509508684879805,trans,Hypothalamus,14.0,81473748.0,14,81615282,0.3667736491853456
rs8243055,4632427E13Rik,0.0057524676349843,0.5257207989337787,trans,Hypothalamus,11.0,51824799.0,11,52067554,0.3608164133135044
rs13482538,Wsb1,0.0065121445371805,0.5475807460067007,trans,Hypothalamus,15.0,42123489.0,15,42338284,2.0481352120551333
rs8243055,Mir665,0.0077356236375524,0.5738504498061495,trans,Hypothalamus,11.0,51824799.0,11,52067554,0.3608164133135044
mCV22980985,Mid1,0.0093272344540849,0.6057247924807267,trans,Hypothalamus,1.0,25632283.0,1,27171300,0.4173451889570678
rs6193060,Psmd5,0.0199020388578991,0.7021336071355961,trans,Hypothalamus,19.0,61116699.0,19,61297371,0.9742436825743256
