Gene,Locus,beta,p_value,n,q_value,cis_trans
Olfr1365,rs3724260,-1.7522625313283209,1.6099880912200732e-30,40,3.285835428624989e-25,unknown
Dusp16,rs13479064,0.8857400000000001,2.8460264409807676e-29,40,1.9361581123024188e-24,cis
Pdxdc1,D16Mit88,2.7962708333333337,1.1847947384078952e-28,40,5.1815474576748495e-24,cis
Pik3c2g,rs6288584,1.0520037878787878,8.555544279038708e-24,40,3.081364827538581e-19,cis
Tpmt,rs3682400,0.943484375,3.636223980479136e-23,40,1.2368656272088456e-18,cis
Ifi202b,rs33802580,1.8427749999999992,6.450861961958865e-23,40,1.880801026272609e-18,cis
Ocel1,rs3685305,0.8486617647058825,1.0808886135292585e-22,40,3.0081719690126647e-18,cis
Cyp3a13,rs6334078,-0.9328244949494948,2.4729710997859693e-22,40,6.583178092209369e-18,cis
Gltpd2,mCV24113391,0.4924797979797974,6.04355887567945e-22,40,1.4801207519720034e-17,cis
Cps1,rs3665792,0.8185044900577302,3.357284223133961e-21,40,7.341325449523846e-17,cis
Aldh4a1,rs13478017,0.5131464646464641,1.079854581921046e-19,40,2.1327894341353637e-15,cis
Glo1,rs3693494,0.5151136363636364,1.1814187337108353e-17,40,1.9035516077015806e-13,cis
Paip1,rs3710916,0.9012058080808084,1.5667311940847777e-17,40,2.347216232817666e-13,trans
Rbm45,rs3669217,1.1335555555555556,1.6101190611091474e-17,40,2.347216232817666e-13,cis
Cyp2c44,rs3654725,-1.3077052117263843,6.134704459401544e-17,40,7.825224518263963e-13,cis
Wdr86,rs6260804,1.1114974342527262,2.019405340349384e-16,40,2.42436342460078e-12,cis
Alad,rs6254381,0.5736445012787721,2.3802204505480764e-16,40,2.649713337632676e-12,cis
Dhtkd1,gnf02.003.251,0.6985542929292929,3.796585987619914e-16,40,4.007833268641414e-12,cis
Asgr2,rs3707772,0.3459310776942356,5.688754489558151e-16,40,5.903500150560591e-12,cis
5830443L24Rik,rs13478438,1.1484875,7.677391319373235e-16,40,7.34476834046139e-12,unknown
Sh2d4a,rs3089636,1.0433281250000004,1.9654756620968267e-15,40,1.7961279322139528e-11,cis
Cyp3a25,rs8268086,0.5146197916666667,1.589713012231109e-14,40,1.2016503276848955e-10,cis
Olfr341,gnf12.101.501,0.2639457070707068,2.9094521544819886e-14,40,2.1462362524445728e-10,trans
Met,rs8271271,0.3139305555555555,7.770760766898444e-14,40,5.008230775021521e-10,trans
1700007B13Rik,rs6271956,0.5832626262626257,1.4636818821675894e-13,40,9.335119097484524e-10,unknown
Prelid2,rs13483326,1.1357322001282872,4.397730013704519e-13,40,2.493154584213789e-09,cis
Tm4sf4,rs13477128,-0.3750476190476192,5.985980003818618e-13,40,3.362429310915627e-09,cis
Apcs,rs3707910,0.7813527568922297,7.213072854414229e-12,40,2.92474340577345e-08,cis
Abcc6,rs8255275,-0.464288389513108,1.8263023089871665e-11,40,6.860084462136137e-08,cis
Gpr50,rs8271271,0.2825757575757575,3.625428897610739e-11,40,1.2830916774554465e-07,trans
Hdhd3,mCV24089992,0.5008139386189256,6.059886320828695e-11,40,2.038625668915619e-07,trans
4930528F23Rik,rs13459150,0.3453686868686864,8.372424093800878e-11,40,2.7709193755457575e-07,cis
Amdhd1,rs13480716,-0.4109875,1.7313379528029116e-10,40,5.170974395309972e-07,cis
Lsm12,rs3685813,0.4723611111111112,1.890632924647849e-10,40,5.53866795234444e-07,cis
Olfr1260,rs3707910,0.6181528822055129,3.359780418719214e-10,40,9.523608687639122e-07,trans
Adh6-ps1,CEL-3_137371814,-0.589045862732521,1.2739178405003315e-09,40,3.249934266828412e-06,trans
Tmem56,rs13477377,0.3313226817042606,2.201947399378303e-09,40,5.307837551622647e-06,cis
Lpin1,rs3694821,-0.5599244505494507,3.0824967244470093e-09,40,7.231135764255247e-06,cis
1600002H07Rik,rs8252745,-0.372412878787879,7.684430428740386e-09,40,1.6057889377016158e-05,cis
Slc32a1,rs3694031,0.4748633333333333,9.24069930903466e-09,40,1.9244290637215203e-05,trans
Pla1a,rs4175608,-0.3164947916666668,1.0408790847620421e-08,40,2.1102686059120032e-05,cis
Rnase4,rs6278789,0.3539114583333333,1.5984959420533956e-08,40,3.177643855301677e-05,cis
Comt1,rs4165280,0.3710795454545452,2.2049169371302142e-08,40,4.2453110155050014e-05,trans
Nnmt,rs3709825,-0.9357866161616158,2.365873496739129e-08,40,4.4986276322840375e-05,cis
Ccl9,rs6259742,0.246112373737374,3.8842866498582786e-08,40,6.953917999070257e-05,cis
Adamts7,UT_9_86.629631,0.4439250000000004,9.369289427169487e-08,40,0.0001532114391001,trans
Es1,rs13479903,-0.2425984848484849,4.244569190024315e-07,40,0.0006086254958113,trans
Slc1a2,rs3143810,-0.3319398496240605,5.032941378019886e-07,40,0.0007116695342732,cis
Serpina3k,rs13481630,0.3077412280701751,5.097509668863127e-07,40,0.0007146807793232,cis
Ces1,mCV24938952,0.2265937500000002,5.414496876463957e-07,40,0.0007483396910939,cis
Tff3,rs3693494,-0.794795454545455,6.49787518874599e-07,40,0.0008667684177699,cis
Fga,rs3689917,0.3175681818181816,6.780577404555804e-07,40,0.0008851935370239,cis
Rhobtb1,rs13480641,0.3062999999999997,7.07368113673606e-07,40,0.0009175883256253,cis
Crp,rs3707910,0.2500150375939842,1.004813903803924e-06,40,0.0012403617308666,cis
Cyp2c40,CEL-19_38892297,-0.2886889250814334,2.0287724083627607e-06,40,0.0023261433333578,cis
Mug2,rs13478993,-0.2356187499999996,3.1364663498389994e-06,40,0.0033514319807131,unknown
Serpina3n,rs13481630,0.3484517543859644,3.852312517806654e-06,40,0.0039842281924028,cis
Fgd6,rs13480722,0.2158874999999997,4.230905242212058e-06,40,0.0043030976984379,trans
Gngt1,rs13481999,-0.3695208333333333,4.428276450309173e-06,40,0.0044667375268265,trans
Aqp8,rs13464858,-0.3610549872122759,4.890049178938322e-06,40,0.0049082626080113,trans
Serpina4-ps1,gnf12.101.501,0.4098472222222221,6.193866466902379e-06,40,0.0060580367562671,cis
Foxa3,rs3023108,0.3202100313479628,8.33533153619162e-06,40,0.0078274388195201,cis
Plk3,rs3722415,0.3445350877192979,9.956329291491533e-06,40,0.0090849204887631,trans
2310039D24Rik,rs4227313,0.2922968750000002,1.411916479550707e-05,40,0.0121586065649433,trans
Cyp3a16,rs13476525,-0.3244511278195492,1.4882134261107045e-05,40,0.0127439358158273,trans
1500015L24Rik,rs13478832,0.2649062499999994,1.827797706592958e-05,40,0.0152052901822158,trans
Cyp2c38,rs6185741,0.5111187954996688,2.248959609385456e-05,40,0.0178827921812682,cis
Saa3,rs13480570,0.5362310606060608,2.3467532944386512e-05,40,0.0185879861978336,trans
Gpt2,rs13483605,-0.2390362796833768,2.728358143398896e-05,40,0.0212261410060372,trans
Syt10,rs6299827,0.3887486263736261,4.236470550929447e-05,40,0.0307330840895577,trans
Zap70,rs3705890,0.2167875939849626,4.503354723518644e-05,40,0.032437066864386,trans
Slc30a10,rs6395893,-0.3028749999999999,4.59596637608156e-05,40,0.0327969874710513,trans
BC024137,gnf08.119.598,0.2830340909090914,4.797372610628828e-05,40,0.0340358855510421,trans
Acot3,CEL-2_79237503,-0.4263333333333334,5.2727495636392746e-05,40,0.0369800334573716,trans
Olfr125,rs13477745,-0.2703318414322253,5.6412597201147504e-05,40,0.038765267916432,trans
Lhx1,rs13480575,0.2158746803069049,6.71630085918228e-05,40,0.0452885788508067,trans
Hamp,rs3147878,0.2429519230769233,6.726294674614737e-05,40,0.0453060714303158,cis
Eif4ebp3,rs13475902,-0.3567710070558049,7.120427834925416e-05,40,0.0475424055762863,trans
Rdh9,rs3676033,-0.2308051378446118,7.53634779203122e-05,40,0.0497766422364891,trans
B3gat1,rs13480580,0.1862386747802569,8.55009599687457e-05,40,0.0552213541793078,trans
Mttp,rs3720498,0.1889494949494952,9.25647039878798e-05,40,0.0587303382798623,cis
Rnf125,UT_17_3.221024,-0.3443068181818182,9.349885778797028e-05,40,0.0590840540970197,trans
Cyp4a10,rs3091174,-0.3158991228070179,9.45722156803743e-05,40,0.0594496094856818,trans
Etnk2,rs13483605,-0.1928594986807383,0.000106607257346,40,0.0650888627074421,trans
Bhmt,rs13478567,0.2428104395604393,0.0001066260245374,40,0.0650888627074421,trans
Slc10a2,rs13476459,0.3980227272727272,0.0001081713622982,40,0.065966430614627,trans
Stac,rs13476693,-0.1974633333333333,0.0001146590838324,40,0.0691650705184939,trans
Tifa,rs3703198,0.3228294648613796,0.0001176870292983,40,0.0707823897863954,trans
Saa4,rs13476525,0.2209943609022555,0.0001199284502909,40,0.0715595169680263,trans
Cyp4a12b,gnf08.118.027,0.2936353383458644,0.0001326817636217,40,0.0779628875011576,trans
Olfr1218,rs6245242,-0.2593727621483378,0.0001418395085025,40,0.0823950280359153,trans
Cdk5r2,rs13478832,0.3991562499999994,0.0001445517657439,40,0.0830637657693347,cis
Igfbp2,rs3703247,-0.2390050323508266,0.0001452257708195,40,0.0830637657693347,trans
Fmo3,CEL-2_135681682,-0.807925505050505,0.0001589949334199,40,0.0888213009807558,trans
Saa2,rs13480570,0.3697702020202023,0.0001663908349693,40,0.0919583833422795,trans
Igfbp1,rs6287697,-0.527377819548872,0.0001670135532518,40,0.0919583833422795,trans
Mfsd2,rs3711806,0.5610903375248177,0.000173597577416,40,0.0949008356425697,unknown
Hacl1,rs3653886,0.2909566512243542,0.0001768606132159,40,0.0957442982979416,trans
Cldn1,rs6395893,-0.2726624999999997,0.0001771909977562,40,0.0958384157051245,trans
Colec10,gnfX.035.350,0.1941673789173782,0.0001811909213856,40,0.0974308344238335,trans
Ifit1,rs3688501,-0.3946821680564463,0.0001877340958534,40,0.1002130168582087,trans
Emx1,rs3696307,0.2588466666666666,0.000190229231827,40,0.1009514354443168,trans
1810055G02Rik,rs13483605,-0.2979412928759891,0.0001924281013075,40,0.1020072194318608,trans
Abcg5,rs6212903,-0.2115000000000002,0.0001938632238777,40,0.1021489017298564,trans
Mrap,rs4217722,0.1768778195488718,0.0002295245298709,40,0.1148681706806565,cis
Ces3,rs3671719,0.1688645833333335,0.0002315651680929,40,0.1151753603562842,trans
Eef1a2,rs13480580,0.2233130493576741,0.0002487560579248,40,0.1216504545509144,trans
Sult3a1,rs8254378,0.7438282828282836,0.0002513573566134,40,0.1223595908159804,trans
Slco1a4,rs13476691,-0.3182,0.0002667824894787,40,0.1272145236745806,trans
Pfkfb1,rs3162895,-0.1706250805931659,0.0002823383729766,40,0.1330776599685463,trans
D14Ertd449e,rs4230248,-0.2291616541353387,0.0003024873112494,40,0.1394996944861785,trans
Sdf2l1,rs3688570,0.2468964194373404,0.0003037231714299,40,0.1394996944861785,trans
Il1r1,rs13476525,0.3029053884711778,0.000319031592858,40,0.1447991930484573,trans
Alas1,rs3711806,0.4209844473858368,0.0003189372010632,40,0.1447991930484573,trans
C8b,mCV24836796,-0.1677966751918157,0.0003248423846406,40,0.1467836874750712,trans
Rgs16,rs13482313,-0.5075416666666666,0.0003341582898961,40,0.1502171545310394,trans
4930581F22Rik,rs3703198,0.2190222437137328,0.0003383599778334,40,0.1507248908162669,trans
H2-D4,D11Mit349,-0.1683640350877195,0.00034799423232,40,0.1528458569663344,trans
Steap4,CEL-15_16073911,0.3486016483516488,0.0003582054827403,40,0.1572098935412208,trans
Gbp4,rs13478486,0.3490977443609023,0.0003607099573095,40,0.1573024266252484,trans
Moxd1,rs6164049,0.4620770202020201,0.0003812359954945,40,0.1624357170726995,cis
Sult1e1,rs8242897,0.7299218749999997,0.0003831378800357,40,0.1625672876543643,trans
Tymp,rs6165881,-0.2928803720333547,0.0003899696928253,40,0.1642060808401642,trans
Mc1r,rs4223406,0.2962433333333333,0.0003956529951757,40,0.1653564850936667,trans
Saa1,rs13480570,0.3309898989898991,0.0004118758642943,40,0.169453412830664,trans
Cd207,rs3690010,0.3534608585858584,0.000415066185983,40,0.1703306996140725,trans
Srebf1,gnf13.093.328,-0.2306585213032583,0.0004166286352745,40,0.1705147378187287,trans
Thrsp,mCV22980985,-0.3230543478260864,0.0004242711522183,40,0.1717028720358722,trans
Mcm10,rs13479903,0.2222916666666666,0.0004254696839313,40,0.1717028720358722,trans
Gys2,CEL-9_29909656,-0.2276578282828284,0.0004357381922296,40,0.1746009780319598,trans
Pdia4,rs6279100,0.17165,0.0004456312226497,40,0.1772888368773367,trans
Orm2,rs13480575,0.189914961636828,0.000476007472316,40,0.1830368346708125,trans
Tm7sf2,rs3683922,0.1682633333333335,0.000472842932064,40,0.1830368346708125,trans
Apoa5,CEL-7_88140553,0.1788874663072781,0.000482683361706,40,0.1851713704501975,trans
Elovl6,CEL-15_74122863,0.2671791979949874,0.0004885473396756,40,0.1869524104736774,trans
Sult1c1,rs3678982,-0.1652274436090232,0.0005485289212588,40,0.2025626656676717,trans
Onecut1,rs6405854,0.1754192708333333,0.0005501007350071,40,0.2026541980892453,trans
Derl3,rs3659857,-0.340294191919192,0.0006147811626901,40,0.2165784188967927,trans
Wdr5b,rs3695308,0.12547,0.0006190654011646,40,0.2177118962101434,trans
Slc16a10,rs13481972,0.1687375,0.0006268741645745,40,0.2193242848527992,trans
Sult1a1,rs13476689,-0.17232,0.000647830787613,40,0.223368367994351,trans
Upp2,D18Mit4,0.2713200549450549,0.0006469753183553,40,0.223368367994351,trans
Mchr1,rs13478832,0.3532343749999996,0.0006552858179614,40,0.2246434257194254,trans
1810023F06Rik,rs13478309,0.2256302083333332,0.0006594315732209,40,0.2254335500832547,unknown
Spata3,UT_2_158.095429,0.2367272727272726,0.000661795761617,40,0.2259894113534915,trans
BC089597,UT_2_158.095429,-0.1570555555555556,0.0006658520526787,40,0.2266283806265254,trans
Clec4g,gnf15.098.211,-0.1612742966751918,0.0006742491696902,40,0.2276908939277495,trans
Inhbe,rs13482680,0.1775800000000001,0.0007047805450587,40,0.2333369299480101,trans
1700001C19Rik,rs13481103,0.1897550125313283,0.0007273925353756,40,0.2361410829371842,trans
Hspb8,rs13481980,0.2047651515151516,0.000749515279905,40,0.2397634375433822,trans
Insig1,gnf13.099.677,-0.2046374999999998,0.0007734309290209,40,0.2432203912550196,trans
9530039L23Rik,rs13476693,0.3501433333333333,0.0007889988556188,40,0.2455745362474857,trans
4930569F06Rik,rs3695980,0.1999917582417585,0.0008008874731251,40,0.2474267815338955,trans
Sds,rs3653396,-0.1789715420251493,0.0008045976818398,40,0.2474346552633305,trans
Sdr9c7,rs8254361,0.2924120879120879,0.000807160940638,40,0.2478445553893437,trans
Nrg4,rs13481999,0.3357864583333335,0.0008135968928167,40,0.249320618998332,trans
Olfr427,rs13476693,0.26578,0.0008292317065203,40,0.2531690024128606,trans
Ceacam2,rs13479186,-0.1702395833333331,0.0008399659785492,40,0.2546381646245393,trans
Lrit1,rs4139555,-0.2079684065934066,0.0008393275844139,40,0.2546381646245393,trans
C9,rs13481282,0.1765614035087714,0.0008485768680104,40,0.2561932229440388,cis
Cyp2a12,rs3023691,-0.1852947570332484,0.0008701331315086,40,0.2598820257048976,trans
Sult5a1,rs6358921,0.2595795454545455,0.0009028111842216,40,0.2666502698436013,trans
4931408D14Rik,mCV24836796,0.2606732736572891,0.000903644041573,40,0.2666644243472334,trans
Cyp2a4,rs3656996,-0.3395191815856775,0.0009113081562247,40,0.2683831012159861,trans
Slc17a4,rs6329109,-0.2115532392559333,0.0009149288610302,40,0.2684320863045221,trans
Apol7a,rs3671719,0.1885833333333336,0.000922529377764,40,0.2696815722662345,trans
Stc1,CEL-2_18096278,-0.2299966666666667,0.0009415961205418,40,0.2723254321759156,trans
Serpina6,rs13480072,-0.156892676767677,0.0009702593664715,40,0.2773401693876205,trans
Defb19,CEL-2_111981058,0.2838266666666666,0.0009727139780848,40,0.277558161618292,trans
Mia2,rs4136084,-0.1568516624040924,0.0009917443640366,40,0.2804698869549547,trans
Ppp1r3g,rs13482948,0.4382857142857141,0.0010527098122721,40,0.2938349835160844,trans
Slc25a25,rs13482313,0.2461035353535351,0.0010573868907306,40,0.2938349835160844,trans
Ppp1r3b,gnf09.108.878,0.2351604859335041,0.0010754420403306,40,0.2950103265758761,trans
Creld2,CEL-15_16073911,0.3622115384615387,0.00108223985267,40,0.2964765812411617,trans
8430408G22Rik,rs13482028,-0.3479936868686868,0.001085679795449,40,0.2970574230731489,cis
Agxt2l1,CEL-3_119667160,0.2181749999999997,0.001127758682308,40,0.3027159421017703,trans
Trib3,rs13481455,-0.2831406250000001,0.0012471323605641,40,0.3159458713700678,trans
BC014805,rs13482711,0.1830125313283206,0.0012923983416957,40,0.3210139218932019,trans
C730007P19Rik,UT_2_159.241221,-0.5092055137844615,0.0013102413767201,40,0.3223077975922946,trans
Igtp,rs6406122,0.3140989583333332,0.0013161103758549,40,0.3224559952162804,trans
Apol9b,rs6222797,-0.1659536340852138,0.0013376193099884,40,0.3244797346138127,trans
Xist,rs13476003,-0.6462464387464382,0.0013734908965402,40,0.3273228476539538,cis
Cxcl1,rs13483545,-0.5351700000000001,0.0013936093905056,40,0.3285591100283809,trans
Rad51l1,rs4231742,-0.3547939560439563,0.001401989465064,40,0.3291406801202877,trans
Cyp2b13,mCV24836796,0.2642710997442456,0.001405050151727,40,0.3295249601530466,trans
Cyp26a1,rs3690259,-0.2631593406593408,0.0014482586772881,40,0.3333564800227637,trans
Inhba,rs13483510,0.3260549450549455,0.0016070682822515,40,0.3558636207272143,trans
C8a,D15Mit13,0.169248575498575,0.001620021219264,40,0.3576969462536109,trans
Cyp4a14,CEL-15_4222769,-0.5178722527472531,0.0016746240622926,40,0.3655349104698867,trans
Agmat,rs4165081,-0.1536875,0.0017143047687678,40,0.3688659462127939,trans
3110001K24Rik,gnf05.060.451,0.2607799145299145,0.0017553474599683,40,0.3731211165586293,unknown
EG624219,rs3703438,0.1946628664495109,0.0017924246754243,40,0.3758395345450117,unknown
V1rd1,rs3695339,0.2663189223057641,0.0019435074610541,40,0.3898935780453856,unknown
Leap2,rs6400423,-0.1511628787878791,0.0019498654598815,40,0.3909129092510089,trans
Sstr5,rs6179144,0.1502209595959597,0.0019632909170445,40,0.3922546436966042,trans
Orm1,rs13480575,0.1565242966751912,0.0021069238952993,40,0.4001458883549694,trans
Gch1,rs6184735,0.1707775689223054,0.0022174304651534,40,0.4094042045607922,trans
Isg15,mCV23591750,0.2805820707070706,0.0023011263167586,40,0.4152237012765433,trans
Prlr,rs13478727,-0.1762499999999998,0.002363022386343,40,0.4193659253713175,trans
Clec4f,rs13476594,-0.1578489583333337,0.0024082616408679,40,0.4207983181948247,trans
Lrtm1,rs13479807,0.3909942528735639,0.0023936579544188,40,0.4207983181948247,trans
Hes1,rs3675233,0.2203541666666667,0.0024046964460745,40,0.4207983181948247,trans
Dct,rs13478031,0.3419633333333332,0.0024394516601263,40,0.4210850037883268,trans
Irf7,rs6322563,0.2133875000000001,0.0024407953955836,40,0.4210850037883268,trans
Mt1,rs6184735,0.4125870927318292,0.0025041895459574,40,0.4254232576128768,trans
Lrg1,rs13476418,0.1698901515151513,0.0025161672938377,40,0.4259729789977636,trans
Hp,rs3701438,-0.1777015669515667,0.0025473474714316,40,0.4273067208297055,trans
2010003K11Rik,rs13459157,0.3606766666666666,0.002583487495858,40,0.4305381208666375,cis
Dio1,mCV24736382,0.194010416666666,0.0026273354285186,40,0.4344163968376926,trans
BC023105,rs13482711,0.3193778195488722,0.0028071621682878,40,0.4486418154794962,trans
Cabc1,rs6165881,-0.2930282232200128,0.002809418456767,40,0.4487672746322322,trans
Mt2,CEL-5_14729534,-0.5923663136995367,0.0028357981202311,40,0.4496969144444928,trans
Cyp2b9,mCV24836796,0.3199488491048594,0.0032153059667085,40,0.4720121231418474,trans
Acnat2,rs13480256,0.253366758241758,0.0033563340372735,40,0.4797666397086998,trans
Osgin1,rs8273881,-0.2153617308992552,0.0034602394666216,40,0.4844822359021184,trans
Raet1a,gnf08.119.598,0.2212739898989901,0.0037423783827293,40,0.4973093682926257,trans
Cyp2b10,mCV24836796,0.1810262148337597,0.0038900184586417,40,0.503009373117107,trans
Ddx56,rs6199138,-0.1640624999999999,0.0040282552213957,40,0.5082029300885168,trans
Avpr1a,rs13482398,0.1576694373401536,0.004085545174637,40,0.5120706069939375,cis
Ang,rs13481999,0.1961250000000002,0.0043411209120524,40,0.5222327582225494,trans
Serpina7,mCV25429984,-0.2902519181585682,0.004806727144612,40,0.5385293813144948,trans
Itih3,rs13478882,-0.1348829923273654,0.005011331494373,40,0.5436517139331547,trans
Hal,rs8254361,0.1934505494505496,0.0050142156881818,40,0.5438554238856443,trans
F2,rs6164049,0.1637512626262624,0.0051196594374257,40,0.5481203293703211,trans
Olfr644,rs8254361,0.1714258241758244,0.0053370258301567,40,0.5576299452357858,trans
Prg4,rs13480619,0.1364999999999996,0.0053679093398358,40,0.5588312741013708,trans
Cryba1,rs3666905,0.2499766666666665,0.0056712698637508,40,0.5684010769373029,trans
Fuz,rs13475982,0.2247135416666665,0.0057894912072685,40,0.5706384280650795,trans
Nr1i3,rs3686162,-0.369383802816901,0.0058898198729273,40,0.5735664809183219,trans
Slc25a15,rs6325706,-0.1158624999999999,0.0077691520407092,40,0.6117187640513048,trans
Lta,CEL-5_79059370,-0.3734368131868131,0.0091569193139789,40,0.6393336194203172,trans
Prph2,rs13476358,-0.1694270833333333,0.0096312900593792,40,0.6452751167524408,trans
Ppargc1b,rs3664300,-0.1907623626373628,0.0097323829307859,40,0.6458444818351338,trans
Pphln1,rs13479320,0.2409218749999999,0.0119204893715479,40,0.6675125176967623,trans
Cpa5,rs13477421,0.1763459058671827,0.0148180558825856,40,0.694230460915218,trans
Olfr397,rs13482865,-0.1176249999999999,0.0172538600525154,40,0.7181009169870807,trans
Zfp647,rs13479309,0.3346147186147187,0.0194312372426702,40,0.7321355377873362,trans
Fdxacb1,rs13482680,-0.1448466666666666,0.019649593718662,40,0.7346854008348366,trans
Pabpc2,rs8254361,0.1391538461538461,0.0205192426522532,40,0.7446745221906204,trans
Olfr1484,rs6299827,-0.2017266483516484,0.0251910651661391,40,0.7678213197316028,trans
Tnfrsf23,rs13479163,0.2243499999999999,0.026461128856931,40,0.7707067529622997,trans
Eif2ak3,rs4225252,0.1754583333333333,0.0276648457024579,40,0.775431584324602,trans
Elk1,rs13476036,0.2194433333333333,0.0294596701414506,40,0.7833122489619248,trans
Trpc5,rs13479338,0.293575,0.0302422722194244,40,0.7857333542219139,trans
Ppp1r1c,rs13478971,0.2014531249999999,0.0306372321196127,40,0.7874271520958396,trans
Hoxa3,rs6260116,0.159418458781362,0.031009529812121,40,0.7891487901929968,trans
Ptk6,gnf05.040.979,0.1664446254071661,0.0311053076258973,40,0.7893265333245408,trans
Galntl4,gnf07.013.809,0.2360666666666667,0.0311686682103091,40,0.7896906461763729,trans
E2f1,CEL-1_98681809,0.152460113960114,0.0348532777427347,40,0.8029366321397858,trans
Gnrh1,rs13483818,0.1828463949843259,0.0374802694256531,40,0.8072078782387836,cis
Igsf11,rs3657266,-0.1563385416666667,0.0391051424889246,40,0.8107331604130575,trans
2900064B16Rik,rs13479996,-0.1399750639386188,0.0434636997788492,40,0.8214277329260057,trans
Pcdhb8,rs13479339,0.1886416666666667,0.0465796968805557,40,0.8255579293183012,trans
Olfr242,D18Mit4,-0.2030315934065935,0.0486975235512977,40,0.8303313705569706,trans
Gsdma2,D1Mit11,0.1806125356125357,0.0489160479853974,40,0.8303622851347041,cis
1700124K17Rik,rs13483510,0.1344574175824177,0.0513833946158012,40,0.8325712786129963,unknown
Pcdhb5,rs13479163,0.1995916666666667,0.0524627161240995,40,0.8347453608645443,trans
4921523A10Rik,rs13483822,0.1839647335423196,0.0541927330436045,40,0.838206038260247,trans
D0Kist2,gnf04.119.329,-0.1545416666666667,0.0554892914394126,40,0.8406531017752691,unknown
EG244495,rs13481845,-0.16993,0.0567132805407371,40,0.8447779745031226,unknown
Fam149b,rs13480763,0.2094992877492876,0.059934155362683,40,0.8497264899807783,trans
Stk35,rs13476358,0.1326458333333333,0.0624419423111407,40,0.8537914062956621,trans
Zbed3,rs3666143,-0.1258228021978022,0.0667532685563847,40,0.8612976470519206,trans
Slc8a3,rs6375364,0.207297619047619,0.0682065325810003,40,0.8642451629257403,trans
Nox1,rs13484060,-0.1382499999999999,0.3020495440991873,40,0.8647956620903021,trans
1700066C05Rik,rs13471817,-0.0743855577047066,0.3724449351614699,40,0.8647956620903021,trans
Tmem44,,0.2297733333333333,0.2271404297389405,40,0.8647956620903021,unknown
Lca5,rs3659806,0.0979517543859648,0.2674476398992627,40,0.8647956620903021,trans
Krtap16-3,rs3654866,-0.1022926065162907,0.2685434469694547,40,0.8647956620903021,unknown
Dnajc16,rs13475728,-0.0676874999999999,0.3285662815044551,40,0.8647956620903021,trans
A430107O13Rik,rs13483609,0.1645552614162805,0.2279753940781879,40,0.8647956620903021,trans
9930111J21Rik,rs13484060,-0.0711875000000001,0.3313055998114952,40,0.8647956620903021,unknown
