Gene Symbol,BXD1,BXD100,BXD101,BXD102,BXD103,BXD11,BXD12,BXD14,BXD24,BXD27,BXD29,BXD31,BXD32,BXD34,BXD39,BXD40,BXD42,BXD43,BXD44,BXD45,BXD48,BXD49,BXD50,BXD56,BXD60,BXD62,BXD63,BXD65,BXD68,BXD69,BXD70,BXD71,BXD73,BXD75,BXD79,BXD80,BXD83,BXD84,BXD85,BXD87,BXD89,BXD90,BXD95,BXD97,BXD99
1700048O20Rik,9.17,9.261500000000002,9.410499999999999,8.845,9.581,8.812000000000001,9.685,9.437,9.024,9.331,9.186,9.715499999999999,9.468,9.322,8.976,9.405999999999999,10.143,9.193,9.055,9.626,9.908999999999999,9.406,9.377,9.7315,9.334,9.418,9.44,9.4855,9.321,9.2605,9.504999999999999,9.549,9.5105,9.0545,9.648,9.217500000000001,9.393,9.168,8.7395,9.2595,9.909500000000001,9.67,9.903,9.027000000000001,9.863
1700054O19Rik,10.404499999999999,10.4705,10.214,8.73,9.459,9.93,10.144,9.739,9.597,10.1985,10.2275,10.127500000000001,9.9265,9.964,10.481,9.676,9.933,8.806,9.4275,9.4405,9.9735,9.566,10.1365,9.9885,9.0155,9.497499999999999,10.111,9.751000000000001,10.006499999999999,8.563500000000001,10.2355,9.751999999999999,9.3735,9.8945,9.595,8.970500000000001,10.243,9.187,9.7375,9.9375,9.942499999999999,10.4665,9.8505,10.0495,10.1495
1700071K01Rik,10.043,10.262,9.7715,9.108,9.24,9.845500000000001,9.887,9.594,9.5,9.7375,10.0125,9.9335,9.653,9.929,10.286,9.589500000000001,9.567,8.948,9.2455,9.4215,9.874500000000001,9.177,9.772,9.836500000000001,9.190999999999999,9.4075,9.782,9.5485,9.908,8.8575,9.986,9.752500000000001,9.282,9.67,9.686,9.0685,9.9295,9.352,9.6235,9.5945,9.687999999999999,9.9175,9.7485,9.9575,9.966000000000001
4632427E13Rik,10.575,10.971,10.505500000000001,9.13,9.9405,10.4755,10.642,10.382,10.149,10.4865,10.5785,10.4985,10.607,10.6075,10.855,10.068,10.189,9.15,9.975,10.144,10.482,9.992,10.348500000000001,10.369,9.7315,10.001000000000001,10.449,10.233,10.6265,9.2605,10.6495,10.4825,9.9845,10.2235,10.303,9.5235,10.642,9.842,10.4015,10.3615,10.315000000000001,10.6555,10.4505,10.428999999999998,10.7605
9030025P20Rik,10.439499999999999,9.620000000000001,9.312999999999999,8.585,10.075,9.6235,10.327,9.463,10.069,9.4185,9.7695,10.106,10.292000000000002,10.4415,10.504,9.109,9.201,8.891,10.087,10.128499999999999,9.396,8.962,9.23,10.3325,9.956,10.142,10.353,9.266,10.2925,9.76,10.173,9.423,10.077,10.126999999999999,10.155,9.99,9.368,9.043,9.2545,10.1725,9.171500000000002,9.3475,9.3015,9.273499999999999,10.234
AF357355,10.6555,10.750499999999999,10.3605,9.172,9.8875,10.3855,10.449,10.355,10.139,10.189,10.448,10.344000000000001,10.344000000000001,10.66,10.638,9.724499999999999,10.194,9.067,10.0445,9.967500000000001,10.34,10.313,10.061,10.306999999999999,9.323,9.883,10.454,10.1455,10.409,9.0775,10.434999999999999,10.4905,9.5845,9.989,10.263,9.2515,10.6085,9.748,10.402000000000001,10.2015,10.337499999999999,10.335,10.4235,10.5075,10.447
Ackr1,9.654499999999999,9.037500000000001,9.248999999999999,9.223,10.050999999999998,9.2575,9.752,10.071,9.025,9.263,9.8055,9.8575,9.071,9.062999999999999,9.089,9.7415,9.792,9.019,9.363,9.941500000000001,9.017,9.976,9.241,9.879999999999999,9.269,8.888,9.792,9.7695,9.8015,9.297,9.7935,9.303,9.9515,9.233,9.871,9.695,9.3795,8.936,9.782,9.898,9.9165,9.7485,9.4335,9.8445,9.405000000000001
Adi1,9.625499999999999,9.681999999999999,10.280000000000001,10.565,10.0975,9.743500000000001,10.409,9.992,10.142,10.302,9.9435,9.8305,10.187000000000001,10.0815,9.926,10.199000000000002,10.838,10.407,10.65,10.693,9.812999999999999,10.368,10.2405,9.714500000000001,10.225999999999999,9.9635,9.669,9.954,9.8825,10.614,9.8275,9.966000000000001,10.0625,9.864,10.095,10.0185,10.009,10.299,10.5265,10.6665,10.439,9.7695,9.987,9.786000000000001,10.344999999999999
Alad,12.004,11.8565,11.859,11.723,11.693000000000001,10.797,10.842,11.08,12.095,10.7285,10.8475,10.718499999999999,11.016,10.774000000000001,10.697,11.0785,10.85,11.833,11.738,11.776,10.837499999999999,11.755,11.7835,11.9075,11.798,11.914000000000001,10.75,11.8315,11.782,11.786999999999999,11.78,11.775500000000001,11.783999999999999,11.722000000000001,10.897,11.916,11.879999999999999,12.271,11.859,10.783,11.836500000000001,11.9,11.8035,11.798,11.6435
Aldh1a1,9.318,10.131,9.975999999999999,10.179,10.249500000000001,9.6455,10.096,10.008,10.232,9.988,9.9805,9.962499999999999,10.091,10.096,9.674,10.166,10.382,10.739,9.6115,10.403,9.773499999999999,10.387,9.7535,9.734,10.264,10.332,9.406,10.027000000000001,9.641,10.2125,9.5565,10.2685,10.4915,9.8145,9.982,10.387,9.6135,10.2,9.391,9.873000000000001,10.1575,10.181999999999999,9.915500000000002,9.658,9.6295
B2m,11.828,11.868500000000001,11.7105,11.937,12.086500000000001,11.416,11.527,12.01,11.135,11.613,11.299,12.0215,11.714500000000001,11.763,12.265,10.997,11.994,11.959,12.1485,12.131499999999999,11.873999999999999,12.468,11.736,11.531,12.022,11.466,11.881,11.5825,12.0735,11.8015,12.024000000000001,12.054,12.044,11.3275,11.98,11.955,11.7365,11.257,12.193999999999999,12.219000000000001,12.2105,11.405999999999999,12.122499999999999,11.4195,11.462499999999999
C230004F18Rik,10.909,11.149999999999999,10.4845,9.563,10.266,10.556000000000001,10.784,10.603,10.27,10.557500000000001,10.836,10.5745,10.654,10.7875,10.834,10.254999999999999,10.326,9.658,10.035499999999999,10.198,10.559999999999999,10.116,10.388,10.6325,9.975999999999999,10.346499999999999,10.603,10.464,10.6495,9.543,10.679,10.5535,10.067499999999999,10.3715,10.542,9.995000000000001,10.835999999999999,10.271,10.591999999999999,10.3905,10.4115,10.8385,10.5285,10.57,10.691
C530030P08Rik,12.44825,12.629,8.1155,10.190999999999999,7.51175,11.85075,12.1045,7.900499999999999,8.278,8.0175,8.18,8.312249999999999,7.703749999999999,7.94375,12.572,11.79075,7.5245,10.377500000000001,10.93675,8.075,11.9285,8.061,11.82675,7.97525,7.43275,11.68375,12.1015,11.71425,8.08625,10.088000000000001,11.913499999999999,7.86625,7.4285,11.901,11.568,7.5935,12.2135,8.0395,8.2865,11.40175,7.64225,8.57175,11.541,12.01875,11.8935
Cbx7,10.4935,9.846,9.7685,9.7,9.875,10.4395,10.419,9.816,10.017,9.753499999999999,10.4445,9.821,10.5105,9.75,10.45,9.902000000000001,10.37,9.837,10.533999999999999,9.807500000000001,10.43,10.427,10.482,10.4515,10.399000000000001,10.511,9.792,9.7685,9.7055,9.751999999999999,9.790500000000002,9.755500000000001,9.873000000000001,9.808,10.495,10.457999999999998,10.3555,9.938,9.6385,10.5105,9.7385,9.8385,10.443999999999999,9.758,10.357
Cd59a,10.0745,10.312000000000001,10.665,10.351,11.0975,11.2085,11.36,11.208,10.929,11.218499999999999,10.464500000000001,11.369499999999999,10.962499999999999,10.1585,11.201,10.2945,10.764,10.823,11.2295,11.407,10.477,10.715,11.2375,11.282,11.456,10.5235,11.257,10.701,11.404499999999999,11.379000000000001,10.582,11.221,11.177499999999998,10.656,11.365,11.191500000000001,10.3905,9.85,11.571,11.412500000000001,10.626000000000001,10.207,10.597999999999999,10.1725,10.301
Cga,9.036,8.6165,9.7255,9.14,9.4765,11.6615,10.073,9.466,9.134,10.2925,9.355,9.779,10.454,9.2545,10.905,10.293,10.511,9.095,9.5715,10.236,8.8945,9.521,10.572,7.724500000000001,10.6075,9.917,10.152,9.715,9.669,10.101500000000001,9.5095,9.995000000000001,9.3035,10.1325,9.478,9.1435,9.7845,9.346,9.23,9.424,10.132,10.439499999999999,11.065999999999999,9.453,9.850999999999999
Cox7c,8.91875,10.195,9.61,9.753,10.0455,9.093250000000001,9.1995,9.195,10.095500000000001,9.2315,9.32525,10.06025,10.20875,9.9765,9.1965,9.382249999999999,9.215,10.1695,10.02225,9.151250000000001,9.2895,9.789,9.97575,9.949,10.332,9.8475,10.0495,9.507249999999999,9.38325,9.555250000000001,9.56175,9.4225,10.112,9.73575,9.940000000000001,10.3515,9.6035,9.315000000000001,9.544,9.994,9.99925,9.83425,9.863,9.47725,9.6775
Cpne9,8.3795,9.6275,8.9575,9.577,9.2355,9.335,9.107,9.175,9.399,9.4015,9.681999999999999,9.2955,9.5425,10.227,9.819,9.232,9.846,9.816,8.8035,9.431000000000001,8.83,9.166,8.781500000000001,8.9785,9.765,9.9275,8.894,10.092,8.865,9.3185,8.703,9.805,9.573,9.197500000000002,9.285,9.274999999999999,8.6515,9.573,8.8475,8.9565,9.091000000000001,8.878,9.328,8.692,9.049
Creg1,9.6745,9.1455,9.546,9.406,9.971,9.186,9.852,10.061,9.498,9.3405,9.272,9.936499999999999,9.6395,9.2635,9.117,9.2595,10.145,9.65,9.4405,10.0105,9.381499999999999,10.043,9.348500000000001,9.986,10.0275,9.4875,9.308,9.960999999999999,10.0155,9.542000000000002,9.4805,9.8355,9.945,9.2025,10.3,10.086,9.534500000000001,9.547,9.981,9.5175,9.462,9.258,10.050999999999998,9.732,9.2085
Ctss,9.377500000000001,9.09,9.907,9.648,9.4535,9.261,9.733,9.712,9.627,9.234,9.464,9.393,9.703,9.5685,10.031,9.355,9.974,9.821,9.4985,9.2695,9.349499999999999,9.491,9.2065,9.3635,9.3295,9.169,8.679,9.1295,9.504,9.594999999999999,9.648,8.987,9.5365,9.0685,10.163,9.7735,9.376000000000001,9.21,10.136,9.5555,9.75,9.493500000000001,9.1065,9.1385,9.124500000000001
Cyb5r3,11.7505,10.955,11.241,11.435,11.275500000000001,11.807500000000001,11.902,11.98,11.126,11.2035,11.8255,11.141,11.093,11.0365,11.822,11.1825,11.914,11.234,11.8,11.3025,11.777000000000001,11.885,11.808499999999999,11.246,11.7795,11.113,11.214,11.25,11.206,11.352,11.258500000000002,11.248000000000001,11.306000000000001,11.1995,11.298,11.786000000000001,11.751999999999999,11.029,11.1175,12.0165,11.268999999999998,11.2055,11.276499999999999,11.2555,11.9055
D930030D11Rik,10.125,10.436,9.6765,7.776,8.791,9.437,9.842,9.354,9.38,9.436499999999999,9.824,9.497,9.6995,9.8985,10.129,9.106,9.081,7.787,8.536999999999999,8.641,9.7515,8.952,9.1695,9.4145,8.145,9.0785,9.469,9.223500000000001,9.6995,7.797499999999999,9.658999999999999,9.293,8.744,9.179,9.412,8.5075,9.967500000000001,8.963,9.618500000000001,9.1765,9.2705,9.9055,9.432500000000001,9.722,9.6145
Ddx3y,7.5649999999999995,7.7555,7.881,9.941,7.914,7.803,9.846,5.668,5.854,7.867000000000001,7.717,7.881,7.8565000000000005,7.9335,9.696,7.8645,5.984,10.179,7.926,7.9079999999999995,7.6905,9.783,7.8549999999999995,7.7204999999999995,7.8445,7.748,5.511,7.829,7.622999999999999,8.0975,7.775499999999999,7.6135,7.9575,7.862500000000001,5.88,7.9985,7.914,9.638,7.806,7.8505,7.853,7.763,7.647499999999999,7.886,7.823499999999999
Eapp,8.411999999999999,8.4925,8.657499999999999,10.117,10.224,10.186,10.403,10.004,8.885,8.749,8.6115,8.725999999999999,8.909500000000001,8.754999999999999,8.464,8.806,10.231,10.664,10.0915,10.1355,8.7745,9.999,10.162500000000001,8.7065,8.9955,10.309999999999999,8.845,8.6425,10.19,9.0305,8.497,9.974499999999999,10.199,10.241,8.867,10.4565,8.9625,9.071,8.582,10.067,8.675,8.602,10.029499999999999,8.5795,8.4955
Entpd4,11.441500000000001,11.262,12.036000000000001,12.065,11.3895,11.427,11.434,11.465,11.358,11.347,11.339,11.43,11.426,11.3525,11.266,11.3735,11.448,11.943,12.161999999999999,12.148,12.1095,12.488,11.3525,12.100000000000001,11.3695,11.894,11.425,11.988,12.065,12.063500000000001,11.663499999999999,11.5215,11.395499999999998,11.394,11.5,11.461,11.6335,11.766,11.437999999999999,11.535499999999999,11.4185,11.308,12.057500000000001,12.0745,11.4725
Etnppl,10.276,10.091999999999999,9.931000000000001,9.95,10.4315,9.8765,10.062,9.686,10.21,10.282,10.136,10.445,9.5705,10.1445,10.341,10.1195,10.093,9.873,10.321,10.339500000000001,10.2315,10.03,9.8895,9.611,10.5795,10.178,10.087,10.1875,10.568999999999999,10.267,9.7265,10.33,10.4405,9.899999999999999,10.108,10.2155,9.8975,9.56,10.753499999999999,10.1965,10.332,10.167000000000002,10.026,10.189499999999999,9.3065
Fam177a,9.8855,9.7275,9.992,11.082,10.003,10.7325,10.606,10.596,9.917,10.054,10.094000000000001,10.102,10.004999999999999,9.966000000000001,9.885,10.086,10.937,11.292,10.5365,10.7285,10.047,10.615,10.838000000000001,9.857,10.035,10.721,10.092,9.9645,10.587,10.092500000000001,9.9985,10.021,9.969,10.913499999999999,10.065,9.963000000000001,9.8845,10.014,10.16,10.0715,10.0215,9.7925,10.7055,9.942499999999999,10.0085
Firre,10.334,10.2535,10.234000000000002,9.147,9.5105,10.035499999999999,10.143,10.094,9.883,9.907,10.0715,10.113,10.063500000000001,10.059000000000001,10.322,9.892,9.977,9.066,9.736,9.714500000000001,10.0075,9.708,9.914,9.993500000000001,9.219000000000001,9.597,9.966,9.9265,10.132000000000001,9.0705,10.1875,10.038,9.581499999999998,9.793,10.055,9.317499999999999,10.2925,9.631,10.1145,9.96,9.938500000000001,10.2345,10.036999999999999,10.1025,10.0935
Fmod,8.85,9.3045,9.721499999999999,9.524,9.965,9.562999999999999,10.007,9.56,8.861,9.2695,9.471,9.748000000000001,9.841000000000001,9.5755,9.859,9.835999999999999,8.973,10.248,9.8475,9.7235,9.181000000000001,10.417,9.469000000000001,8.9415,9.6465,9.5895,9.624,9.6045,9.5365,9.661,9.301,9.8425,9.501999999999999,9.6025,9.942,9.888,9.5485,10.242,9.877500000000001,9.9255,9.841999999999999,9.6445,9.5795,9.549,9.630500000000001
Gabra2,11.943,11.8645,11.731,11.751,11.695,11.77,11.815,11.847,11.816,11.7395,11.9235,11.7325,11.8515,11.856,11.785,10.713000000000001,11.663,11.782,10.602,11.662,11.8355,11.539,11.7045,11.812000000000001,10.745,11.769,11.76,11.685500000000001,11.7925,11.798,11.656500000000001,11.638000000000002,11.7655,11.776499999999999,11.787,11.8095,11.277000000000001,11.852,11.762,11.657,11.7165,11.7975,11.693999999999999,11.7165,10.6495
Gadd45gip1,9.472999999999999,9.567,10.204,9.935,10.277000000000001,9.6885,10.222,10.082,9.864,10.3005,10.2475,9.626000000000001,9.8385,9.5795,10.154,10.4345,9.742,9.805,9.751,10.1965,10.545,10.214,9.5475,10.268,10.2515,10.4885,9.697,10.23,9.498000000000001,9.9115,9.8305,10.256499999999999,9.614,9.6445,10.231,10.3475,9.682500000000001,11.022,9.5805,9.712,9.665,10.168,9.7735,10.3675,10.211500000000001
Glo1,11.0415,10.2635,10.0895,10.231000000000002,10.97575,10.9575,10.204,10.203,11.0115,10.21175,10.165,10.93075,11.14125,10.969999999999999,10.836,10.94725,10.339,10.3945,10.962,10.190999999999999,10.2445,10.1295,10.7625,11.01525,10.319,11.20025,10.9805,10.276,10.94625,10.9405,10.02225,10.1565,11.07025,10.190000000000001,10.286999999999999,11.2185,10.11575,10.419,10.21725,10.20825,10.238,10.2065,10.26025,10.17825,11.1445
Gm10021,9.69875,10.02675,9.51375,8.478,8.92625,9.3795,9.215499999999999,9.404,9.3155,9.54125,9.759,9.522,9.59575,9.628499999999999,9.918,9.246,9.2345,8.657499999999999,9.02525,9.1045,9.51825,8.7915,9.4145,9.5315,8.8325,9.28,9.4445,9.39575,9.5125,8.4575,9.4055,9.369499999999999,9.0055,9.30825,9.3655,8.7195,9.72425,9.008,9.33625,9.269,9.246,9.70825,9.338000000000001,9.49,9.48575
Gm10476,9.092500000000001,8.47875,9.8115,9.8835,9.9885,10.01525,9.8665,9.228,9.876000000000001,9.906749999999999,8.626249999999999,8.727250000000002,9.7835,9.6875,9.9235,9.94925,9.897,9.634,9.8165,9.93925,8.806750000000001,8.910499999999999,8.754999999999999,8.70025,9.95025,8.463000000000001,8.8915,8.782499999999999,8.729,9.99475,9.69875,9.7805,10.0715,8.91725,8.792,9.904499999999999,9.403500000000001,9.968499999999999,9.7435,9.92475,9.842,8.7605,8.683250000000001,8.84725,9.849499999999999
Gm10590,8.214500000000001,8.2425,8.102500000000001,7.921,7.84,9.761,10.007,9.488,7.91,9.774000000000001,9.9145,9.788,9.842500000000001,10.018999999999998,8.155,9.8925,9.395,7.862,7.8195,7.8895,8.045,8.037,8.1885,8.081,7.933999999999999,9.9475,9.668,7.923,7.9755,9.3565,7.9765,9.6665,9.6165,9.713000000000001,7.732,7.8845,9.6205,7.705,9.5945,9.527,8.023,8.1655,8.0125,8.0975,8.0
Gm10796,10.213000000000001,10.25,10.32,9.056,9.955,10.076,10.253,9.701,9.916,10.3995,10.41,10.124500000000001,10.305499999999999,10.0855,10.157,9.9595,10.069,9.334,9.4275,9.469999999999999,10.082,9.604,10.085,10.1265,9.477,9.682,10.086,9.9665,10.115,9.2255,10.166,10.0425,9.878499999999999,9.846,10.175,9.800999999999998,10.2575,9.492,10.025,10.176,10.0845,10.244,10.375499999999999,9.958,10.3375
Gm10800,11.173,11.372499999999999,11.149999999999999,9.831,11.169,11.4385,12.303,11.914,10.84,12.229,11.0745,11.443,12.0695,11.742999999999999,11.279,10.159,11.538,10.77,10.576,11.07,11.4665,10.9,11.901,12.215,10.49,10.785499999999999,11.432,10.931000000000001,11.322500000000002,10.318999999999999,11.6585,11.9925,11.376999999999999,11.3095,11.114,11.9765,12.049499999999998,11.726,12.349499999999999,11.7575,12.17,11.5435,10.814499999999999,11.3005,11.786
Gm12643,8.846499999999999,9.7425,9.362,9.39,9.3595,8.875,8.952,8.581,9.061,9.241,8.656,9.3165,9.514,9.2525,9.489,9.1595,9.399,10.079,9.483,8.8965,9.2455,9.694,9.946,9.155999999999999,9.661999999999999,9.682,8.779,9.3195,9.145,9.3585,9.1,9.058499999999999,9.567499999999999,9.6885,9.026,9.6265,9.326,9.598,8.881499999999999,9.566,9.268999999999998,9.1975,8.8735,8.908000000000001,8.9485
Gm13375,9.817,10.849,10.8625,10.799,9.942499999999999,9.989,10.648,10.506,10.897,10.0115,9.877500000000001,10.6295,11.0075,9.926,9.753,10.9115,10.751,10.037,10.6985,9.929,10.0295,10.048,10.814499999999999,10.037500000000001,10.091999999999999,10.2275,9.963,10.8275,9.9985,10.0745,10.713000000000001,10.082,9.943000000000001,10.585,9.975,9.914,10.828,10.148,10.016,10.187,10.0485,10.846499999999999,10.225,10.608,10.06
Gm20472,9.386,9.735,10.77,10.575,10.818999999999999,10.937999999999999,11.075,9.497,10.799,10.944500000000001,9.7615,9.8565,10.8295,10.839500000000001,11.048,10.6525,10.705,10.511,10.6995,10.7255,9.677,9.657,10.06,9.6065,10.832999999999998,9.6815,9.736,9.6005,9.39,10.607,10.628499999999999,10.985,10.9265,9.73,9.762,10.6645,10.461500000000001,10.622,10.7985,10.764,10.839,9.5975,9.6005,9.826,10.8645
Gm22289,11.8255,12.1075,12.0245,12.09,7.9165,11.906500000000001,7.729,7.886,11.932,11.852,11.711,7.175000000000001,7.851,11.8355,12.083,11.717500000000001,11.625,11.888,12.075,7.577500000000001,12.065999999999999,8.117,7.628,11.7685,11.7625,11.685500000000001,7.343,7.802,11.847999999999999,11.936499999999999,11.7895,7.8919999999999995,12.0775,7.5385,7.793,7.7805,7.865499999999999,11.999,7.5815,7.7385,7.4565,7.1035,11.866,12.0215,12.2165
Gm22348,11.122,11.5215,11.168,9.585,10.413,10.825,11.067,10.709,10.728,10.7455,10.979,11.0175,11.0225,11.113,11.44,10.557500000000001,10.574,10.317,10.4655,10.2375,11.0145,10.284,10.994,10.873,10.2555,10.5465,11.057,10.6665,10.8295,10.012,10.9525,10.946000000000002,10.292,10.8535,10.742,10.151,11.399000000000001,10.656,10.689,10.7075,10.634,11.174,10.881499999999999,11.0395,11.006499999999999
Gm22748,9.8895,9.631,8.9355,9.189,9.2785,9.2635,8.917,9.982,9.207,9.150500000000001,9.7285,10.283999999999999,9.2085,8.876999999999999,9.329,9.32,8.936,8.788,9.035499999999999,9.164,9.9185,9.941,10.122,9.6415,8.983,9.55,10.402,10.026,9.7395,9.063500000000001,9.5975,9.114,9.251,9.992999999999999,9.403,9.227,9.5235,9.428,9.107,9.1225,8.991,9.753,10.064,9.994,9.2455
Gm22834,11.66375,11.972999999999999,11.2585,9.496500000000001,10.2705,11.044,11.188500000000001,11.225999999999999,10.898,11.062249999999999,11.36275,10.94975,11.344000000000001,11.40975,11.8325,11.032499999999999,10.683,9.6725,10.48075,10.29325,11.35525,10.3895,11.10225,11.30625,10.17525,10.8625,11.2355,10.77175,11.22425,9.4255,11.327,11.168,10.5625,10.994,11.088000000000001,9.986,11.7125,10.9315,10.8695,10.728,10.75075,11.50525,11.0395,11.38825,11.252749999999999
Gm23145,9.7585,10.2095,9.874,10.174,9.517,9.5735,9.19,9.322,9.503,9.7775,9.535,9.389500000000002,9.106,9.989,10.026,9.3925,9.551,10.39,10.119499999999999,9.186,9.844,9.835,9.474,9.9065,9.926,9.5225,9.161,9.401499999999999,9.7515,9.7685,9.8065,9.331,10.193000000000001,9.256499999999999,9.469,9.6955,9.306999999999999,10.586,9.157,9.893,9.524999999999999,9.2395,9.816,9.6915,9.7315
Gm23245,10.7725,11.2645,10.773499999999999,11.114,11.3725,10.71,10.525,10.537,11.263,10.719,10.6175,10.5335,11.267,10.986,10.774,11.063,10.665,11.217,11.0775,10.9495,10.8935,11.298,10.3835,10.8875,11.0615,11.309999999999999,10.176,10.884,10.634,11.072,10.4525,10.4955,11.298,10.741,10.594,11.347000000000001,11.024000000000001,11.72,10.432,10.9155,10.999,11.1095,10.747,10.7135,10.7715
Gm23256,11.224250000000001,11.169,10.754,10.1365,10.1615,10.88425,10.9265,10.889,10.682500000000001,10.60625,10.947,10.918,10.61475,10.6225,11.29,10.7915,10.371,9.959,10.224250000000001,10.378499999999999,10.659,10.3885,10.95875,10.67825,10.133,10.34425,10.845500000000001,10.49375,10.81375,10.03275,10.835,10.8495,10.36,10.9305,10.760000000000002,10.19925,11.19925,10.5625,10.690999999999999,10.42175,10.52575,11.1645,10.41775,10.966000000000001,10.732
Gm23305,9.5425,10.234,10.037500000000001,9.779,9.495999999999999,9.692499999999999,9.65,9.705,9.337,10.171,10.373000000000001,9.3895,9.228,10.068,10.224,9.0825,9.83,10.179,9.8135,8.9775,10.0755,9.281,9.685500000000001,10.091999999999999,9.6315,9.435500000000001,8.926,9.3055,9.716999999999999,9.519,9.883,9.5185,10.1745,9.342,9.32,9.3415,9.630500000000001,10.156,9.498999999999999,9.974499999999999,9.6125,9.495999999999999,9.945,10.169,10.08
Gm23344,9.8485,10.0115,9.7765,10.003,9.933499999999999,9.4245,9.481,9.134,9.933,8.692,8.8895,8.4685,10.325,9.972999999999999,9.125,9.8935,9.006,10.255,9.708,9.4225,9.4695,9.791,8.819500000000001,9.739,9.5555,10.1235,8.564,9.684,9.886500000000002,9.904,9.0535,9.1125,10.037500000000001,9.434999999999999,9.82,10.272,9.9195,10.517,9.1425,9.449,9.8565,9.8995,9.495,9.4565,9.5105
Gm23347,9.942,10.0835,9.624500000000001,7.785,8.6475,9.453,9.751,9.775,9.183,9.5225,9.774000000000001,9.6145,9.572,9.797,10.018,8.962499999999999,9.19,8.336,8.8885,8.8915,9.652000000000001,8.861,9.367999999999999,9.534,8.4765,8.9705,9.447,9.2945,9.626000000000001,7.5555,9.658999999999999,9.6665,8.954,9.194,9.436,8.425,9.8585,8.826,9.603000000000002,9.470500000000001,9.416,9.79,9.4215,9.628,9.712
Gm23444,10.558,10.8055,10.0275,11.171,11.644,10.624500000000001,10.82,9.997,11.107,10.663499999999999,10.376999999999999,10.4115,10.6235,10.701,9.695,10.419,10.179,11.551,11.262,11.1995,10.588000000000001,11.817,10.7815,10.379000000000001,11.65,10.842500000000001,10.08,10.7545,10.222,11.2345,10.219999999999999,10.6125,11.486,10.440999999999999,10.141,11.668,10.402000000000001,11.685,10.207,10.52,10.877500000000001,10.975999999999999,10.6325,10.218499999999999,10.674
Gm23612,10.574,10.631499999999999,10.090499999999999,9.495,9.496,10.259,10.345,10.186,10.034,10.0585,10.408000000000001,10.1785,10.008500000000002,10.1445,10.755,10.0945,9.792,9.164,9.445,9.5545,10.1415,9.414,10.267,10.065000000000001,9.45,9.7005,10.226,9.799,10.253,9.2775,10.268,10.131,9.603,10.1615,10.099,9.431999999999999,10.525,9.892,10.117,9.7925,9.9,10.58,9.8715,10.338000000000001,10.1665
Gm23659,10.749500000000001,10.813500000000001,10.3505,9.892,9.766,10.471499999999999,10.533,10.55,10.337,10.251999999999999,10.6,10.392,10.258,10.2635,10.885,10.4795,10.0,9.599,9.827,9.965,10.315,9.871,10.382,10.335,9.7805,9.963000000000001,10.524,10.134,10.469000000000001,9.622,10.4495,10.4505,10.081,10.508,10.266,9.908999999999999,10.668,10.311,10.3605,10.029499999999999,10.14,10.7275,10.114,10.5445,10.3975
Gm23660,9.2055,10.0975,9.778500000000001,9.955,9.6085,9.5135,8.829,8.14,9.333,9.856,9.6805,8.656,8.445,9.809000000000001,9.817,9.273499999999999,9.477,10.126,10.061,8.994,9.61,9.756,9.396,9.852,9.8585,9.2625,8.651,9.413499999999999,9.650500000000001,9.488,9.839500000000001,8.899000000000001,10.0105,8.8185,8.9,9.5945,8.949000000000002,9.79,9.111,9.6265,9.415,8.864,9.827,9.510000000000002,9.600999999999999
Gm23736,9.6235,10.1415,9.6335,8.721,9.1205,9.567,9.631,9.008,9.446,9.407,9.4275,9.404499999999999,9.788,9.621500000000001,9.888,9.410499999999999,9.184,8.836,9.254,9.0595,9.914000000000001,9.118,9.3505,9.632,8.77,9.209,9.452,9.149000000000001,9.416,8.5465,9.466000000000001,9.546,9.056999999999999,9.2045,9.296,8.7105,9.457,9.475,9.119499999999999,9.3775,9.440999999999999,9.738,9.321,9.453,9.745000000000001
Gm24494,9.6055,8.9545,10.1205,10.785,10.967,10.844000000000001,10.683,10.83,8.934,11.238,10.207,11.163,8.398,10.148,11.097,8.937000000000001,11.289,10.296,11.1145,11.145,10.3225,11.411,10.9695,10.467500000000001,10.392499999999998,8.5075,11.021,10.933,10.36,10.531500000000001,11.258500000000002,11.182500000000001,10.501999999999999,10.706,10.629,9.7655,9.69,8.522,10.3605,11.5375,11.068999999999999,9.5075,11.287500000000001,10.8385,11.4295
Gm24495,11.371500000000001,11.9475,11.4845,11.807,11.198,11.350999999999999,10.929,10.65,11.443,11.634,11.503,10.954,10.808,11.629999999999999,11.576,11.215,10.974,11.849,11.738,10.768,11.631499999999999,11.27,11.313500000000001,11.653500000000001,11.4505,11.1685,10.81,10.994,11.29,11.4295,11.4495,10.9415,11.7235,10.8645,10.755,11.307500000000001,10.9585,11.727,10.981,11.4195,11.275500000000001,10.919,11.442,11.4265,11.471
Gm24564,12.8025,12.723500000000001,12.405999999999999,10.932,11.7715,12.442,12.59,12.677,11.881,12.408999999999999,12.6355,12.2965,12.303,12.5335,12.893,11.807500000000001,12.189,10.797,12.0645,12.0335,12.2775,12.412,12.301,12.411999999999999,11.25,11.5135,12.382,12.191500000000001,12.568999999999999,10.5455,12.695,12.6905,11.6495,12.1585,12.511,11.1435,12.789,11.963,12.484,12.309000000000001,12.3955,12.405000000000001,12.55,12.6205,12.6
Gm24899,10.046,10.1065,9.754,8.474,8.86,9.7095,9.826,9.687,9.497,9.756,9.9265,9.677499999999998,9.6325,10.019,10.183,9.212,9.352,8.707,9.21,9.0885,9.7255,9.223,9.4495,9.7735,8.554,9.224499999999999,9.764,9.335,9.768,8.34,9.7265,9.569500000000001,8.717500000000001,9.2715,9.697,8.7065,9.82,8.74,9.7295,9.2645,9.5775,9.852,9.4035,9.748999999999999,9.594
Gm25089,11.99975,12.2735,12.19475,12.0155,11.29475,11.9285,11.381,11.367,11.789000000000001,12.1905,12.1615,11.151,11.05675,12.10475,12.324,11.68075,11.818000000000001,11.986999999999998,11.788,10.79575,12.163499999999999,11.0795,11.401250000000001,12.09825,11.78975,11.589,10.963000000000001,11.20225,11.97475,11.79475,12.0515,11.397,12.07675,11.183,11.3995,11.007,11.423,12.168,11.20925,11.43425,11.301,11.36,11.972999999999999,12.20375,12.232000000000001
Gm25098,10.67,11.08075,10.4195,8.771,9.2515,10.198,10.049499999999998,9.721,10.075,10.13775,10.466000000000001,9.895,10.11525,10.4275,10.9545,10.03525,9.8295,8.802,9.535,9.118500000000001,10.38975,8.943,10.1305,10.26325,9.40975,9.91825,9.9435,9.5775,10.36175,8.839500000000001,10.3895,9.88525,9.651,9.89325,9.863499999999998,8.77625,10.46725,9.695,9.70425,9.67925,9.438,10.31425,10.13925,10.3925,10.3155
Gm25229,9.84,10.1685,10.011500000000002,9.776,10.4315,9.7785,10.564,10.484,9.636,10.0885,10.128499999999999,10.287500000000001,9.83,9.877,10.301,9.33,9.614,9.807,9.741,10.216999999999999,10.131499999999999,10.272,10.652000000000001,9.975999999999999,9.592500000000001,9.318999999999999,10.232,10.243,9.7335,9.1365,10.0305,10.4875,9.988,10.370000000000001,10.375,10.1845,10.393999999999998,10.155,10.447,10.725000000000001,10.5565,10.268,9.8875,10.0135,9.975999999999999
Gm25357,11.714500000000001,11.812000000000001,11.2175,9.751,10.598,11.254999999999999,11.361,11.353,11.153,11.1045,11.4435,11.2235,11.2545,11.463000000000001,11.608,10.788499999999999,10.859,9.569,10.749500000000001,10.8275,11.3265,11.119,11.023,11.1775,10.033999999999999,10.869499999999999,11.29,11.030000000000001,11.3285,9.702,11.306000000000001,11.337499999999999,10.419,10.96,11.164,9.966000000000001,11.5105,10.994,11.353,10.942499999999999,11.146,11.285,11.286000000000001,11.370000000000001,11.3385
Gm25360,9.48,9.6925,9.312999999999999,10.435,10.971,9.618500000000001,10.04,9.043,10.453,9.9115,9.494,9.588000000000001,9.689,9.6605,8.88,9.663499999999999,9.471,10.742,10.1725,10.321,9.6975,10.794,9.9435,9.407499999999999,10.9035,10.2605,9.091,9.817499999999999,9.526,10.468,9.5,9.6205,10.802,9.712,9.007,11.0705,9.108,11.158,9.393999999999998,9.773499999999999,10.168,10.279499999999999,9.6845,9.3025,9.878
Gm25646,9.184999999999999,9.733,9.5405,9.38,9.6015,9.057,9.184,9.305,8.998,9.6475,9.6005,9.5835,9.434000000000001,9.498000000000001,9.767,8.4605,9.166,9.47,9.448,9.1265,9.426,9.389,9.9735,9.593,9.120000000000001,8.7225,9.191,9.5335,8.992,8.997,9.448,9.673,9.4995,9.506499999999999,9.462,9.3285,9.741,9.532,9.3535,10.0495,9.7095,9.7545,9.3295,9.581499999999998,9.507
Gm25647,10.212499999999999,10.712499999999999,10.323,9.873,10.564,10.119,10.526,10.308,9.816,10.2985,10.41,10.594999999999999,10.2715,10.35,10.57,9.836500000000001,9.946,9.706,9.9465,10.1105,10.222000000000001,10.265,10.7505,10.263,9.697,9.555,10.351,10.301,10.133,9.271999999999998,10.410499999999999,10.477,10.074,10.3955,10.473,10.2315,10.625,9.985,10.4895,10.717500000000001,10.3745,10.6805,10.0975,10.3575,10.235
Gm25870,9.423,10.018,9.413499999999999,8.166,9.0595,9.186,9.594,9.273,8.884,9.361,9.3915,9.312000000000001,9.7865,9.6035,9.637,8.665500000000002,8.83,8.123,8.8505,8.8045,9.3565,8.809,9.375,9.314,8.437999999999999,8.9145,9.537,9.3065,9.381,7.816,9.4225,9.4125,8.720500000000001,9.244499999999999,9.294,8.5115,9.947,8.726,9.4235,9.234,9.36,9.814,9.093,9.267,9.344000000000001
Gm25874,9.4195,10.1935,9.574,7.382,8.0485,9.2945,8.377,8.278,8.88,9.241,9.5295,8.33,8.3445,9.61,9.741,9.153500000000001,9.124,7.945,8.643,7.689,9.5715,7.272,8.55,9.216000000000001,8.564,9.2215,8.111,8.025500000000001,9.3325,7.7379999999999995,9.33,8.2165,8.822500000000002,8.053,8.497,7.3525,8.6005,9.056,8.0375,8.093,8.0305,8.716000000000001,9.3555,9.318,9.288499999999999
Gm26337,8.956,9.2645,9.77,10.291,5.846,9.843,6.011,5.72,9.499,10.014,9.5475,6.052,5.434,9.898,9.254,8.869499999999999,9.779,9.772,10.0505,5.93,9.6925,5.96,5.9435,9.5835,9.8065,8.6,6.098,5.5280000000000005,9.6195,9.8825,9.53,5.742,9.9795,5.8454999999999995,5.312,6.195,5.8919999999999995,9.304,5.804,5.627000000000001,5.7165,5.758,9.887,9.761,9.873000000000001
Gm3893,9.0925,9.6595,8.611,8.424,8.586500000000001,11.523,12.326,11.849,9.253,11.6025,11.870000000000001,9.277999999999999,11.624,11.6345,8.826,9.523,11.415,8.639,8.924,8.906500000000001,8.537500000000001,9.111,8.7025,8.8125,8.788499999999999,11.361,11.599,8.6175,8.879999999999999,11.062999999999999,8.4715,11.5565,10.786999999999999,11.440999999999999,8.399,8.939,11.439,8.831,11.701,11.3625,8.614,8.624500000000001,8.7135,8.898,8.8225
Gm7120,8.370999999999999,9.637,9.663499999999999,9.636,9.173,9.061,9.204,9.363,9.139,9.2055,9.374,9.124500000000001,9.470500000000001,9.7025,9.106,9.957999999999998,9.093,9.341,9.218,9.227,9.5425,9.351,8.826,9.113,9.5695,8.930499999999999,9.291,9.8555,8.7265,9.525500000000001,9.008,8.6885,9.2295,8.982,9.418,9.228,8.9125,10.265,9.3335,9.2595,9.055,9.584,9.209,9.653,8.929
Gm8840,9.350000000000001,9.754000000000001,9.8875,9.97,8.764,9.997499999999999,9.861,9.375,9.867,8.934999999999999,9.0785,9.576,9.547,8.972,9.898,9.9335,9.713,9.901,9.027000000000001,9.8935,9.829,9.106,10.1915,9.876999999999999,9.870000000000001,8.6255,9.124,9.834499999999998,9.844999999999999,9.9025,9.2465,9.1695,8.8775,10.0755,9.973,8.728,9.072,9.802,9.2335,8.925,9.689,9.8035,9.0505,9.82,9.983
Grm2,9.0795,9.712499999999999,9.2365,10.074,9.67,9.774000000000001,9.282,9.628,9.76,9.741,10.046,9.6095,9.469,10.29,9.891,9.729500000000002,10.144,10.148,9.491499999999998,10.017,9.233,9.66,9.3055,9.339500000000001,10.078,10.088000000000001,9.483,10.2105,9.137,9.789000000000001,9.2905,10.215,9.936,9.581,9.414,9.632,9.081,9.711,9.273499999999999,9.303,9.522,9.3665,9.682500000000001,9.218499999999999,9.449
Hbb-bs,9.998249999999999,9.874,9.718,10.2905,10.3555,9.932500000000001,10.619499999999999,8.918,9.986,9.91375,9.775500000000001,9.6115,9.691500000000001,10.24125,10.119,10.40375,9.6105,10.836,10.193750000000001,10.4055,10.19825,10.621,9.49225,9.7015,9.8885,10.27025,9.763,10.493,10.49175,9.98925,10.058499999999999,9.839,10.002,10.07675,9.624,10.221,9.459,10.4205,10.0775,10.46925,9.34325,9.86675,10.182,10.004249999999999,10.20675
Hdc,9.34,9.651499999999999,9.1325,10.299,10.002500000000001,9.8965,9.837,9.709,9.531,9.3575,9.789,9.880500000000001,9.632000000000001,9.821,9.728,9.657499999999999,10.227,10.0,9.4885,9.8975,9.225999999999999,10.261,8.94,8.4215,10.075,9.479,9.355,9.739999999999998,9.509,9.712,9.563500000000001,9.964500000000001,10.152999999999999,9.400500000000001,9.233,10.18,9.384,10.009,9.2005,9.620000000000001,9.7325,9.506,9.8065,9.154,9.6645
Hist2h2ab,9.87,10.123000000000001,10.3245,10.428,10.339,10.032499999999999,10.103,9.51,10.644,10.1785,10.022,10.0685,10.629999999999999,9.9435,10.083,10.454,9.931,10.784,10.302,9.864,10.328,9.52,10.0735,10.14,10.478000000000002,10.828,10.262,10.2585,10.0585,10.459,9.9195,10.075,10.276499999999999,10.1055,9.984,10.6715,9.889,11.077,9.915,9.8015,10.2105,10.1675,9.8895,9.8915,10.086500000000001
Ifit3,9.8435,9.475999999999999,9.962,9.533,9.79,9.225,10.323,9.565,9.463,9.2905,9.317499999999999,9.305,10.158,9.3045,9.9,9.32,9.814,9.89,9.876999999999999,9.5915,9.5625,10.575,9.757,9.8915,9.686499999999999,9.807500000000001,9.492,9.839500000000001,9.8435,9.3255,9.533999999999999,9.2715,9.343499999999999,8.992999999999999,10.992,9.651499999999999,9.854,9.013,10.029499999999999,9.9505,9.816500000000001,10.392,9.493500000000001,9.7315,9.3125
Ifitm3,9.288,9.065999999999999,9.908999999999999,9.314,9.7415,9.5,10.212,8.991,9.172,9.4055,9.417000000000002,9.413,10.0185,9.27,9.458,9.473500000000001,10.137,9.698,9.623000000000001,9.966000000000001,9.459499999999998,10.274,9.459,9.6735,9.521,10.022,8.998,9.6895,9.512,9.4155,9.494,9.56,9.3965,9.424,10.458,9.611999999999998,9.483,9.761,10.0775,9.8435,9.3675,9.3605,9.7105,9.317,9.6075
LOC100503822,12.004,11.839,11.837,12.856,11.8215,12.646,12.605,12.73,12.013,11.939499999999999,11.918,11.997499999999999,11.8765,11.761,11.876,11.9905,12.606,12.933,12.404,12.557500000000001,11.964500000000001,12.605,12.713000000000001,11.8245,11.8265,12.5625,12.053,11.880500000000001,12.486,11.923,11.891,11.937,11.8305,12.841999999999999,11.795,11.786999999999999,11.806999999999999,12.051,12.0815,11.8265,11.994,11.8545,12.5705,12.062,12.02
LOC101056102,8.7945,6.253,9.167,10.975,9.483,8.243,8.75,9.412,9.296,11.027000000000001,9.242,9.0515,11.0155,10.282499999999999,10.187,8.8065,9.036,9.011,9.8805,9.193999999999999,9.5325,9.398,10.1465,9.5285,7.7219999999999995,9.0285,9.502,9.3315,9.5755,10.692,10.6345,7.4285,9.1225,9.0875,9.554,9.3595,10.060500000000001,8.669,9.3905,9.854,10.0865,7.3309999999999995,8.908,9.628499999999999,10.950500000000002
LOC102637749,9.1075,9.856,9.6525,9.836,9.158,9.802,9.201,9.465,9.145,9.5925,9.7405,9.082,8.7935,8.727,8.678,9.6025,9.752,9.822,9.197,9.871,9.816,10.007,9.2635,9.071,9.815999999999999,9.009,9.397,9.768,9.064,8.901,9.869,9.825500000000002,9.3415,9.844,9.171,9.109,9.988,9.673,9.706,9.0365,9.695,9.9045,9.809999999999999,9.9235,9.1525
LOC102639749,10.009,10.535499999999999,10.136,10.12,9.4295,9.8515,9.462,9.663,9.899,10.317499999999999,10.1505,9.274000000000001,9.007,10.341999999999999,10.177,9.7715,9.8,10.069,10.0455,9.2675,10.348500000000001,9.826,9.506,10.0705,9.881,9.814499999999999,9.236,9.586,10.0455,9.554,9.923,9.595500000000001,10.1745,9.3715,9.517,9.494499999999999,9.4235,10.173,9.2275,9.8015,9.5775,9.057500000000001,10.183,10.0605,10.2165
LOC102640399,13.716,13.51825,13.6725,13.7665,12.24375,13.7655,12.347999999999999,12.003499999999999,13.587499999999999,13.69,13.4475,12.1475,12.2295,13.54775,13.841000000000001,13.4255,13.250499999999999,13.217500000000001,13.807500000000001,12.137,13.70525,11.974,12.5225,13.6205,13.399,13.271,12.261,12.26375,13.70525,13.466,13.66575,12.255749999999999,13.6805,12.325,12.090499999999999,12.23275,12.533249999999999,13.4085,11.754,12.486,12.155,12.37425,13.69975,13.89975,13.91325
LOC102642160,9.4905,10.004,9.546,7.937,8.689,9.3675,9.607,8.625,8.866,9.5825,9.639,9.404,9.428,9.8615,9.986,8.771,9.21,8.358,8.757,8.513,9.396999999999998,8.321,9.3675,9.462,8.696,9.006499999999999,9.462,9.064,9.467,7.7684999999999995,9.6175,9.315999999999999,8.641,9.015,9.153,8.093499999999999,9.608,8.275,8.974499999999999,9.068000000000001,9.109,9.766,9.374500000000001,9.466999999999999,9.5105
Laptm5,9.51,8.918500000000002,10.1935,9.699,9.517,9.408999999999999,9.966,10.13,9.869,9.704,9.866499999999998,9.8215,9.641,9.545000000000002,10.09,9.498999999999999,10.301,9.588,9.6935,9.629999999999999,9.596,9.817,9.614,9.463000000000001,9.3185,9.2205,9.061,9.5185,9.871,9.7275,9.8905,9.3975,9.565999999999999,9.3525,10.096,9.625499999999999,9.5105,9.201,10.100999999999999,9.804,9.8105,9.565999999999999,9.686,9.6235,9.6195
Leng8,11.088000000000001,11.045,10.7365,9.657,10.144,10.79,10.806,10.623,10.425,10.733,10.913,10.7725,10.773,10.862,11.144,10.497,10.412,9.688,10.318,10.4185,10.7095,10.262,10.581499999999998,10.7745,9.975000000000001,10.334,10.74,10.6495,10.761,9.617,10.856,10.850999999999999,10.255500000000001,10.6005,10.637,9.9575,10.971,10.229,10.485499999999998,10.6555,10.729,10.995,10.847999999999999,10.859,10.953
Ly86,9.773,9.2535,10.711500000000001,9.912,9.6925,9.620000000000001,10.371,10.128,10.275,9.757,10.151,9.892,10.0155,9.7895,10.401,9.687000000000001,10.791,9.943,9.773,9.686499999999999,9.8205,9.75,9.777000000000001,9.6405,9.554,9.487,9.031,9.607,10.2005,9.784,10.1935,9.294,9.663,9.3935,10.62,10.0155,9.597,9.317,10.8045,10.091,10.005,9.8275,9.684000000000001,9.6565,9.545
Malat1,12.832,13.2275,11.8805,10.919,11.571,11.9525,12.118,11.618,12.32,11.594999999999999,12.247499999999999,11.8905,12.7,12.704,12.849,12.350000000000001,10.908,11.438,11.125,11.316,12.282499999999999,11.556,12.012,12.182,11.6645,12.401,11.913,11.9825,12.263,10.9165,11.5885,11.8,11.4845,12.202,11.963,11.6595,12.6725,12.004,11.7,11.4435,11.9085,12.873000000000001,11.7945,12.1335,12.144
Meg3,12.9335,13.018,12.494,11.204,11.882,12.558499999999999,12.664,12.563,12.296,12.4375,12.706,12.5155,12.5025,12.6335,12.961,12.299,12.229,11.218,12.068999999999999,12.195,12.436499999999999,12.148,12.4185,12.503,11.653500000000001,12.054,12.495,12.4195,12.504,10.963000000000001,12.5895,12.599,11.978,12.4805,12.324,11.5725,12.833,12.06,12.357,12.316500000000001,12.47,12.78,12.497,12.747,12.696
Meis2,9.9775,9.604,9.8855,9.867,10.085,9.85,9.903,9.946,10.033,9.984,9.2805,10.1555,9.76,9.658,9.378,9.9165,9.516,10.052,10.243500000000001,9.837499999999999,10.041,9.685,10.229,9.9085,10.0965,9.746500000000001,9.984,10.017,9.965,10.251999999999999,9.745,9.8515,9.814,10.1075,9.956,9.4265,9.2275,9.546,10.0485,9.586500000000001,9.5485,9.0645,9.978000000000002,10.0305,9.264
Mela,10.05,6.824,10.0175,7.300000000000001,9.982,7.0025,10.105,7.0809999999999995,6.991,7.05125,9.99675,6.87075,6.94625,6.56675,10.035499999999999,9.8265,6.9715,7.0305,9.86425,9.833,6.743,9.940000000000001,7.0605,6.6975,7.10175,6.83875,10.1205,7.2765,6.8265,9.7915,10.12425,10.0075,9.8935,9.80425,9.8625,9.72675,10.07725,9.4885,9.9585,6.99275,10.145,10.09625,10.068249999999999,7.21575,10.47325
Mid1,9.0745,9.1455,9.2685,9.439,9.5385,9.888,9.511,9.241,9.205,9.2475,9.1475,9.644,8.810500000000001,9.1535,11.457,9.705,9.339,9.411,9.3575,9.367,9.036999999999999,9.444,9.593,10.3415,9.2365,9.1575,9.899,9.516,10.281500000000001,9.5485,9.5335,9.524999999999999,9.224499999999999,9.256,9.88,9.446,9.645499999999998,9.119,10.2845,9.647,9.2975,9.466000000000001,9.1025,9.735,9.16
Mir134,10.375,10.258500000000002,10.491,9.61,9.9805,10.413499999999999,10.333,10.444,9.955,10.413,10.381,10.403,9.974,10.277000000000001,10.724,9.922,10.552,9.297,10.362,10.2635,10.361,10.07,10.204,10.2915,9.597999999999999,9.671,10.269,10.008,10.3975,9.5275,10.6985,10.4205,9.9775,10.1135,10.107,9.466999999999999,10.3525,9.76,10.3215,10.4435,10.2735,10.193999999999999,10.5105,10.378,10.4975
Mir341,12.463000000000001,12.611999999999998,11.8855,10.459,10.907,12.0095,11.987,12.03,11.963,11.9565,12.136500000000002,11.9435,11.994,12.008500000000002,12.631,11.788,11.288,10.63,11.082,11.2575,11.9515,11.19,11.9375,11.8825,10.856,11.3915,11.985,11.626999999999999,12.0215,10.189499999999999,11.9895,11.878499999999999,11.121500000000001,11.895499999999998,11.756,10.8945,12.349,11.662,11.837,11.531,11.754999999999999,12.318999999999999,11.7025,12.0705,12.068999999999999
Mir377,9.434,10.015,9.913,8.175,8.908999999999999,9.589500000000001,9.389,9.357,9.158,9.6205,9.4205,9.6125,9.5775,9.889,10.054,8.8975,9.82,8.301,9.656500000000001,9.243,9.687999999999999,8.97,9.354,9.432500000000001,8.5955,8.9395,9.554,9.223,9.6235,7.868,9.812000000000001,9.566500000000001,9.0245,9.221499999999999,9.235,8.299,9.5565,8.295,9.164000000000001,9.7,9.5095,9.4305,9.8415,9.4235,9.7765
Mir505,10.065999999999999,10.14,9.624500000000001,8.033,8.556999999999999,9.501999999999999,9.806,9.521,9.721,9.51,10.038499999999999,9.1805,9.6445,9.8845,10.009,9.58,8.937,8.354,8.5035,8.3585,9.6145,8.817,9.102,9.354,8.498000000000001,9.3625,9.648,9.494,9.611,8.214,9.4175,9.304,8.4025,9.269,9.355,8.615,9.619,9.236,9.3225,8.735,9.0935,9.8845,9.259,9.776499999999999,9.5405
Mir540,10.5735,10.727,10.199,9.158,9.6125,10.321,10.345,10.178,10.022,10.1425,10.437000000000001,10.2985,10.205,10.341000000000001,10.918,10.097000000000001,9.88,9.113,9.628,9.705,10.3665,9.528,10.192499999999999,10.262,9.449,9.716999999999999,10.282,9.9275,10.283000000000001,9.184999999999999,10.365,10.254999999999999,9.6965,10.0785,9.998,9.425,10.526499999999999,9.909,10.1205,10.024000000000001,10.0075,10.440999999999999,10.0525,10.406,10.387
Mir598,10.631499999999999,10.593,10.2195,9.447,9.630500000000001,10.164,10.336,10.669,10.153,10.0655,10.439,10.3125,10.0855,10.2135,10.699,10.084499999999998,9.756,9.577,9.746500000000001,9.884,10.1935,10.054,10.475000000000001,10.315999999999999,9.689,9.7995,10.182,10.111,10.183,9.32,10.3555,10.3925,9.9425,10.247499999999999,10.285,9.629000000000001,10.588999999999999,9.952,10.191,10.144,10.175999999999998,10.528500000000001,10.022,10.541,10.238
Mir665,10.7395,11.121,10.3825,8.905,9.3505,10.475999999999999,10.666,10.077,10.074,10.478,10.6325,10.446,10.5095,10.6175,11.102,10.035,10.028,9.03,9.554,9.649000000000001,10.564,9.393,10.350999999999999,10.604,9.3425,9.808,10.376,10.190999999999999,10.494499999999999,8.433,10.554,10.410499999999999,9.5145,10.134,10.089,9.336,10.9205,9.857,10.394,10.3295,10.314,10.8105,10.3905,10.5835,10.629999999999999
Mir679,10.145499999999998,10.213000000000001,9.827000000000002,8.716,8.926,9.6415,9.724,9.992,9.534,9.588999999999999,9.8385,9.7015,9.7685,9.7965,10.205,9.485,9.283,8.686,9.222999999999999,9.277000000000001,9.8035,9.268,9.568999999999999,9.738,8.923,9.387,9.597,9.515,9.812,8.5295,9.75,9.7375,9.244,9.589,9.49,8.931000000000001,9.978,9.25,9.671,9.5565,9.6645,10.004999999999999,9.677499999999998,9.725999999999999,9.881499999999999
Mir680-2,9.866,10.122499999999999,9.372,7.678,8.361,9.322,9.338,9.226,9.043,9.4855,9.727,9.136,9.3705,9.4165,9.986,9.115,8.9,8.464,8.427,8.406,9.279,8.294,8.9845,9.386500000000002,8.3335,8.834,9.624,8.95,9.701,7.6525,9.615,9.4775,8.661999999999999,9.34,9.131,8.636,9.6335,8.474,9.3605,8.7395,9.075,9.729,9.293,9.493500000000001,9.552
Mirg,9.308499999999999,10.0125,9.893,8.957,9.189,9.7285,9.172,9.035,9.531,9.6445,9.331,9.3975,9.722999999999999,10.1175,9.829,8.948,9.79,9.262,10.008,9.3715,9.669,9.326,9.4475,9.2685,9.036999999999999,9.2225,9.213,9.1755,9.806999999999999,8.624500000000001,9.688500000000001,9.5345,9.153,9.25,9.287,8.848,9.472000000000001,9.554,9.6335,9.5315,9.454,9.3545,9.729,9.0555,9.553
Mrpl35,9.9485,10.745999999999999,9.877,10.69,10.7845,9.911999999999999,10.612,10.655,9.853,9.834,10.651,10.572,10.8055,10.7665,10.433,10.8,9.926,10.157,9.919,10.7,10.757000000000001,9.956,9.818000000000001,9.934000000000001,10.057,10.873000000000001,9.678,10.742,10.6995,10.8015,10.483,10.5175,10.827,10.668,10.637,10.9205,10.3065,10.922,10.708,10.5915,10.626000000000001,10.6405,10.539000000000001,10.5975,10.57
ND6,7.4079999999999995,9.449000000000002,8.366499999999998,8.098,8.0685,8.201,8.423,9.658,7.652,8.8015,8.5215,8.51,8.1305,8.1485,7.592,8.597000000000001,8.725,10.111,8.232,7.641,8.29,9.273,8.3155,8.919,8.400500000000001,7.794,8.376,8.173,8.2505,8.870999999999999,8.359,8.634,8.055,8.229,9.711,8.893,7.9505,7.934,7.999499999999999,7.919499999999999,8.913,8.334,8.389,8.5155,8.4785
Nlrp5-ps,8.376999999999999,9.2715,10.0785,9.611,9.803,8.7255,9.589,9.172,9.506,9.84,9.3625,9.845500000000001,9.868500000000001,9.818999999999999,8.302,9.9955,9.828,9.773,8.288499999999999,9.6795,9.707,9.903,9.638,9.6995,9.359,9.582999999999998,8.942,9.2605,8.780000000000001,8.964,9.2995,9.4795,9.099,9.631499999999999,9.595,9.654,9.8885,10.33,9.489,9.8345,9.7395,9.8335,9.4145,9.3185,8.9205
Nov,9.114,8.6985,9.431000000000001,9.042,9.881,9.155000000000001,9.866,9.251,9.127,9.221499999999999,9.509,9.545,9.370999999999999,9.486,9.233,9.6155,8.959,9.723,9.359,9.61,8.955,10.444,8.9625,8.911999999999999,9.689,9.6165,8.826,9.298,9.0635,9.965,8.6715,9.5725,9.5705,9.528500000000001,9.407,9.843,9.5845,10.118,9.5735,9.354,9.395499999999998,9.536000000000001,9.324000000000002,9.5145,9.7715
Nr4a2,9.3875,10.152999999999999,9.513,10.643,10.2645,10.143999999999998,9.622,9.49,10.164,10.3195,10.335999999999999,10.035499999999999,9.8845,10.434999999999999,10.19,10.058499999999999,10.789,10.753,9.9865,10.721499999999999,9.545,10.249,9.357,9.256499999999999,10.45,10.338999999999999,9.809,10.4565,9.470500000000001,10.261,9.942499999999999,10.354,10.422,10.0765,9.386,10.327,9.326,10.012,9.618500000000001,9.9735,9.906500000000001,9.970500000000001,10.046,9.5725,9.674
Oasl2,8.8335,8.290500000000002,8.9705,8.697,8.899000000000001,8.5075,9.275,8.64,8.438,8.685500000000001,8.6475,8.532,8.9855,8.124,8.928,8.5655,9.129,8.85,8.836500000000001,9.0375,8.5655,9.427,8.6945,8.93,8.5505,8.7625,8.233,9.0015,8.8265,8.68,8.649000000000001,8.524000000000001,8.4735,8.3735,10.214,8.558,8.5545,8.524,8.866499999999998,8.99,8.621500000000001,9.184000000000001,8.594999999999999,8.780000000000001,8.4805
Oxt,12.2345,11.437999999999999,11.634,11.895,11.903500000000001,11.701,12.057,12.016,12.113,11.925,10.503,12.029,11.648,11.5975,11.614,11.985,11.761,11.911,12.104,12.0975,11.9,12.182,12.1065,12.142,11.581,11.517,12.27,11.6205,11.8905,12.007,11.844999999999999,11.523,11.081,11.9305,11.984,11.317499999999999,11.812999999999999,11.282,11.714500000000001,11.940999999999999,11.7925,11.576,11.7045,11.939499999999999,11.572
Pdxdc1,10.972,10.260000000000002,10.184999999999999,10.3,10.219000000000001,10.289,11.035,10.002,10.321,11.148499999999999,10.29,11.033999999999999,10.188500000000001,10.221,10.26,11.0415,10.309,11.127,10.1935,10.2695,11.0235,11.11,10.213000000000001,10.2605,10.247499999999999,11.1305,11.075,11.0195,10.0915,10.2715,10.408000000000001,10.2045,10.2805,11.033,10.952,10.259,10.6845,10.318,10.204,10.9715,11.0955,10.2315,10.193,11.073,10.241
Pisd-ps1,11.241499999999998,11.348,10.8385,10.257,11.588000000000001,10.9205,12.072,11.876,10.631,11.7485,11.231,11.289,11.456,11.043,11.398,10.773499999999999,10.986,10.23,10.855,11.669,11.1125,10.473,10.7405,11.8095,10.077,10.407499999999999,11.076,9.749,11.0625,11.098500000000001,11.1615,11.7815,11.5725,11.4395,10.984,11.528500000000001,11.839,10.953,11.774000000000001,11.322500000000002,11.2485,11.6765,10.705,11.5615,11.1205
Psmd5,10.316500000000001,10.302,10.68,10.767,10.687,10.565,10.602,10.679,10.292,10.616,10.593499999999999,10.621500000000001,10.484,10.5515,10.378,10.381,10.885,10.746,10.6995,10.688500000000001,10.619,10.706,10.5965,10.7425,10.680499999999999,10.4555,8.551,10.612,10.6895,10.626,10.7495,10.599499999999999,10.605,10.5075,10.752,10.7035,10.501000000000001,10.184,10.7255,10.8,10.6985,10.485,10.693000000000001,10.4785,10.5735
Rfk,11.074000000000002,10.9375,11.2605,11.35,11.3595,12.400500000000001,11.453,11.296,11.008,12.3605,11.224,11.312,10.9915,11.107,12.355,11.161000000000001,11.403,11.189,12.4235,11.449,11.259,11.506,12.401,11.211,12.310500000000001,12.154,12.445,11.2695,12.393,11.396,12.2485,11.392,11.347999999999999,12.417,12.007,11.2805,11.9265,11.124,11.452,12.441500000000001,11.314,11.1035,12.4265,11.301,12.439
Rnpc3,9.884,10.101500000000001,10.0435,8.973,9.616499999999998,9.775500000000001,9.889,9.673,9.416,9.900500000000001,9.958,9.969000000000001,9.8315,10.0195,9.944,9.3505,9.78,8.839,9.6975,9.6195,9.738,9.684,9.594000000000001,9.857,9.1125,9.396999999999998,9.816,9.6515,9.966000000000001,8.8505,10.052499999999998,9.8445,9.4125,9.5185,9.867,8.996500000000001,9.955,9.142,9.9225,9.842500000000001,9.6965,9.925,9.930499999999999,9.778500000000001,9.868500000000001
Rnu2-10,11.3875,11.588999999999999,10.78225,12.065,12.069749999999999,11.4445,11.501000000000001,11.059999999999999,12.0165,11.5165,11.35175,11.2455,11.299,11.46675,11.126999999999999,11.3665,10.7725,12.026,11.96875,11.8985,11.26525,12.324,11.55925,11.097000000000001,12.04075,11.594999999999999,10.989,11.3385,11.13675,11.93375,10.93925,11.094000000000001,12.193,11.30625,11.0105,12.0695,11.22675,12.3665,11.001,11.24975,11.4005,11.706,11.072,11.1725,11.32525
Rnu73b,10.367,10.5725,10.356,10.711,10.692,10.409,10.374,9.861,10.681,10.3295,10.0505,9.871500000000001,10.5815,10.241,9.863,10.472,10.212,10.689,10.4205,10.327,10.529,10.575,10.193,10.214500000000001,10.329,10.795,10.133,10.4425,10.1205,10.411000000000001,10.208,10.1615,10.636,10.3295,10.054,10.637,10.251999999999999,11.721,9.916,10.6465,10.4085,10.2425,10.3875,10.339500000000001,10.588
Rny1,10.432,11.3225,10.599499999999999,11.5,11.2265,10.705,10.932,10.337,11.226,10.966000000000001,10.7425,10.3995,11.003499999999999,10.889,10.603,10.819500000000001,10.523,11.662,11.149000000000001,10.812999999999999,10.8375,11.23,10.547,10.77,11.0685,10.933,10.488,10.9405,10.496500000000001,11.2035,10.636,10.513,11.339,10.902999999999999,10.28,11.4395,10.7085,11.882,10.564,10.776,10.9125,10.8765,10.709,10.836500000000001,10.766
Rpl3,11.713166666666666,11.090416666666668,11.065333333333333,10.876,10.86475,11.576749999999999,11.588500000000002,11.048333333333332,11.284,10.943083333333334,11.682833333333333,11.079916666666668,11.674666666666667,10.899416666666667,11.870666666666667,11.186333333333332,11.589166666666666,11.092833333333333,11.502916666666666,10.803833333333335,11.759916666666667,11.521166666666666,11.898333333333333,11.566666666666668,11.668083333333334,11.62625,11.006666666666668,10.829666666666666,10.839333333333334,10.9095,10.989416666666665,10.761083333333334,11.158416666666668,11.084000000000001,11.475166666666667,11.840000000000002,11.636833333333334,11.216166666666666,10.80075,11.587083333333334,10.929,11.159416666666667,11.490666666666668,10.938416666666667,11.499666666666668
Scarna13,11.7575,12.0705,11.4845,11.253,11.317499999999999,11.215,10.561,11.127,12.209,11.1145,11.501999999999999,11.024000000000001,11.557500000000001,11.669,11.283,11.605,10.31,11.433,10.816,10.6455,11.338999999999999,10.877,10.7295,11.1175,11.410499999999999,11.7075,10.725,10.8745,11.285499999999999,11.411999999999999,10.5135,10.451,11.286,11.459,11.268,11.656500000000001,11.462,12.355,11.131499999999999,10.7215,10.849499999999999,11.7745,10.812999999999999,10.636,10.782
Scarna17,10.796,10.587,11.119,11.065,11.571,11.34,11.196,11.551,10.185,11.386500000000002,10.877500000000001,11.258,10.452,10.9225,10.887,10.524000000000001,11.409,10.092,11.5945,11.5245,10.775500000000001,11.495,11.041,10.937000000000001,10.882000000000001,10.042,11.128,11.208,11.262,10.733,11.4515,11.6355,11.118,11.157,11.301,10.6165,10.939,10.443,11.2775,11.4755,11.391,10.7035,11.57,11.193999999999999,11.5465
Serpina3n,10.564,10.564499999999999,11.702,12.033,10.908000000000001,11.6485,10.959,10.64,11.566,11.875,10.9255,10.977,11.528500000000001,10.8655,11.842,11.536,11.074,11.661,11.413,10.885,11.5395,11.19,11.764,11.613499999999998,10.9485,10.9085,11.625,11.1455,11.706,11.4365,11.667000000000002,10.837,10.940999999999999,11.599499999999999,11.814,10.861,11.243500000000001,11.456,11.1155,11.887,11.220500000000001,10.782,11.1125,11.277000000000001,11.841000000000001
Sfi1,9.3005,8.9345,8.870999999999999,8.849,9.753499999999999,8.924,10.383,10.185,9.056,10.134,8.918500000000002,9.173,9.974,9.543,9.454,8.873999999999999,9.434,8.529,8.8165,10.1815,8.8355,8.809,9.1055,10.0515,8.7505,8.624500000000001,9.011,8.83,9.005,9.1485,9.524000000000001,9.975999999999999,9.751000000000001,8.865,9.15,9.719000000000001,9.869,8.678,10.0805,9.258,9.373000000000001,9.000499999999999,8.682500000000001,9.418,9.367999999999999
Sfrp5,9.444,8.7665,9.803,9.805,9.4605,9.173,9.46,9.732,9.932,9.5745,9.4585,9.494,9.4785,9.312999999999999,9.378,9.201,9.982,9.44,9.698,9.616,9.5595,9.428,9.189499999999999,9.832,9.690999999999999,9.389,9.337,9.46,10.0485,9.5155,9.636,9.438500000000001,9.429,9.045,9.805,9.562000000000001,9.718,9.473,10.8585,9.8915,9.461500000000001,9.532,9.8285,9.302,9.376000000000001
Sgk1,9.015,8.838000000000001,9.3335,10.208,9.5825,9.3275,9.852,9.448,9.41,9.303999999999998,9.023,9.642,9.4345,9.3125,9.822,8.8385,9.474,9.894,9.563,9.0905,9.1555,9.974,9.3085,9.333,9.4595,9.091999999999999,8.974,9.282499999999999,9.539,9.8555,9.218499999999999,9.1805,9.1385,8.8705,9.347,9.145,9.344999999999999,8.868,9.5305,9.323,9.5195,9.3445,9.5835,9.693999999999999,9.202
Slc13a4,8.9815,9.138,9.642,9.201,9.806000000000001,9.111,10.04,9.185,8.556,9.0785,9.3155,9.5535,9.4295,9.288,9.515,9.587499999999999,8.906,9.94,9.3905,9.5135,9.1675,10.163,9.2805,8.8535,9.156500000000001,9.433499999999999,9.413,9.547,9.2185,9.3575,8.961500000000001,9.7465,9.375,9.419,9.722,9.7435,9.617,9.834,9.431000000000001,9.671,9.663,9.4915,9.498000000000001,9.527000000000001,9.525500000000001
Slc6a20a,9.81,9.956499999999998,10.407499999999999,9.695,10.501999999999999,9.5115,10.8,10.241,9.714,9.7595,10.062,10.5555,10.357500000000002,10.2105,10.462,10.456,9.926,10.626,9.996500000000001,10.4025,9.931000000000001,10.806,9.993,9.504000000000001,10.047,10.289,10.181,10.336500000000001,10.021,10.1585,9.6945,10.5535,10.2925,10.3655,10.534,10.4525,10.3595,10.547,9.913499999999999,10.344000000000001,10.478,10.334,10.2555,10.261,11.047999999999998
Slc6a3,8.947,8.875,8.6865,9.357,8.9845,9.158999999999999,8.959,9.029,9.824,9.453,9.185,9.046,9.3505,10.39,9.054,9.079,9.805,10.076,9.018,9.123999999999999,8.9185,8.963,8.732,8.746,9.606,9.4575,8.966,10.6755,8.899000000000001,9.519,8.8295,10.009,10.249,8.8705,8.99,9.596,8.954,9.01,8.7495,8.8985,9.093499999999999,9.094999999999999,9.0075,8.9755,8.7405
Snhg11,12.599,12.738,12.3795,11.114,11.54,12.3245,12.37,12.269,12.157,12.273499999999999,12.4295,12.348500000000001,12.372499999999999,12.3245,12.677,12.066,12.002,11.151,11.704,11.739,12.336,11.884,12.212,12.32,11.575,11.919,12.25,12.116,12.402999999999999,10.9195,12.3285,12.236,11.5945,12.283999999999999,12.302,11.4875,12.596499999999999,12.123,12.0655,11.985,12.131499999999999,12.537500000000001,12.242,12.422,12.3855
Snora16a,11.0785,12.233,10.7995,11.205,11.4905,10.4015,10.501,10.721,12.195,9.666,10.497,9.639,12.2385,11.4245,10.155,12.029499999999999,9.665,11.805,10.9505,10.392,10.916,10.828,9.461500000000001,10.750499999999999,11.3555,12.3695,9.273,10.7335,11.107,11.675999999999998,9.377500000000001,10.0715,11.8345,10.724499999999999,10.784,12.0915,11.2705,12.862,10.471,10.132,10.467,11.1435,9.965,10.015,10.0595
Snora3,10.4405,11.032250000000001,9.340250000000001,10.8215,10.588,10.475,10.2665,9.842,11.7265,10.06775,10.25175,9.339,10.625,10.6405,9.2635,10.206,9.437999999999999,10.818000000000001,10.466249999999999,10.061,10.32075,10.661000000000001,9.781749999999999,10.01175,10.6075,11.132000000000001,9.866,9.875250000000001,9.4325,10.649000000000001,9.2725,9.4245,10.74975,10.2715,9.177,11.01375,9.88975,11.817499999999999,8.9315,9.649000000000001,10.2205,10.18425,9.57475,9.91675,10.1665
Snora44,10.6785,10.974,10.306999999999999,10.761,10.682,10.7775,10.766,10.68,11.362,10.4125,10.1485,10.208,10.629999999999999,10.8985,10.627,10.8655,10.652,11.06,10.604500000000002,10.5485,10.5595,10.713,10.437,10.6415,10.749500000000001,11.192499999999999,10.461,10.628,10.176,10.8915,10.1615,10.432500000000001,10.692,10.682500000000001,10.276,11.025,10.596499999999999,11.932,10.272,10.5235,10.7075,10.67,10.4505,10.6945,10.336500000000001
Snora73a,11.5225,11.7055,10.798,11.352,11.206,11.209,11.289,11.177,11.865,11.2165,11.3025,11.098500000000001,11.533999999999999,11.3705,11.425,11.4835,11.056,11.407,10.9865,11.0225,11.478,11.118,10.76,11.085,11.2295,11.8705,11.214,11.248999999999999,10.792000000000002,11.275500000000001,10.719999999999999,10.9515,11.270499999999998,11.321,10.808,11.783,11.022,12.555,10.426,10.8275,11.096,11.148,10.745999999999999,11.0525,11.121500000000001
Snora73b,11.687000000000001,11.962,10.975999999999999,11.475,11.275,11.381,11.369,11.155,11.951,11.3105,11.397,11.2575,11.653500000000001,11.530999999999999,11.414,11.6115,11.048,11.466,11.038,11.122,11.589,11.112,10.954,11.146999999999998,11.3525,11.9495,11.381,11.2675,10.879000000000001,11.3185,10.8475,10.948,11.3615,11.3845,10.865,11.788499999999999,11.124,12.561,10.543,10.9,11.203,11.336500000000001,10.804,11.1255,11.2355
Snora74a,9.246,9.669,8.7705,9.841,10.0,9.2835,8.964,9.132,9.445,9.118500000000001,8.9095,9.0205,9.099,9.629,8.925,9.3095,9.119,9.694,9.813,9.718,9.2655,10.16,9.212,9.321,9.801,9.6205,9.513,9.64,8.862,9.685500000000001,8.8415,9.4845,9.693999999999999,9.653,9.055,9.5505,9.072,9.998,8.973500000000001,9.379000000000001,9.335,9.1395,9.3175,9.438500000000001,9.654499999999999
Snord14d,9.88575,9.7835,10.185749999999999,9.504000000000001,9.82625,9.8345,9.494,9.285499999999999,9.3095,9.95725,9.54525,9.8055,9.54725,10.13325,9.724499999999999,9.26175,9.983,9.252500000000001,10.203,9.870000000000001,9.8745,10.3235,9.4085,9.87625,9.1675,9.39925,9.934000000000001,9.89475,10.30625,9.203,10.1025,9.75575,9.38,9.35825,9.572,9.20525,9.858,9.114,9.98675,10.113,9.75175,9.64625,10.2475,9.77625,10.1965
Snord47,9.622499999999999,10.145499999999998,10.1265,10.382,10.36,10.02,10.149,9.726,9.957,10.0835,10.094000000000001,9.711,9.2055,10.05,9.623,8.9435,9.943,10.384,10.147,10.0015,10.1985,10.131,9.774000000000001,9.905,9.9255,9.413,9.823,9.997,9.8115,10.067499999999999,10.2375,9.9255,10.407,9.833,9.91,10.286999999999999,9.5985,9.988,9.76,10.533999999999999,10.2005,9.7995,10.097999999999999,10.0605,10.307
Snord49b,11.415500000000002,12.111,11.969999999999999,12.352,12.211,12.026499999999999,12.008,11.796,11.874,12.161999999999999,11.8065,11.4545,11.317499999999999,11.953,11.298,11.265,11.642,12.43,11.879999999999999,11.8265,12.1265,12.185,11.370000000000001,11.651,11.792000000000002,11.4345,11.858,11.9125,11.801,12.079999999999998,11.8915,11.954,12.343499999999999,11.775,11.808,12.455,11.652999999999999,12.22,11.2325,11.9735,11.912500000000001,11.673,11.8215,12.1145,12.192499999999999
Snord53,9.249,9.558,8.837499999999999,8.677,11.3885,11.6015,8.879,11.905,11.573,11.3355,8.9805,11.0595,11.4835,11.416,8.776,11.2725,11.524,8.839,8.739,11.868500000000001,8.973500000000001,8.975,11.280000000000001,8.9295,8.585,11.5075,8.885,11.6095,8.8255,8.5845,11.696000000000002,9.1045,8.7865,8.849499999999999,11.387,11.357,11.142499999999998,12.111,10.997,11.913499999999999,11.508500000000002,11.506,9.008,11.755500000000001,9.025
Snord57,11.902999999999999,11.8995,12.376000000000001,12.455,12.6405,12.636,12.545,12.677,11.572,12.793,12.399000000000001,12.8675,10.9775,12.190999999999999,12.529,11.712,12.902,12.05,12.709,12.554,12.571000000000002,12.58,12.587,12.526,12.2095,11.0025,12.873,12.6235,12.4205,12.286999999999999,12.9335,12.832,12.341999999999999,12.545000000000002,12.379,12.1425,12.010000000000002,10.971,12.027,12.8045,12.5815,11.961,12.7835,12.7065,12.843
Snord82,10.938500000000001,11.434999999999999,11.6785,11.807,11.840499999999999,11.657,11.768,11.529,10.481,11.942,11.487,11.657499999999999,10.431000000000001,11.303,11.607,10.5525,11.967,11.46,11.756499999999999,11.661999999999999,11.602,11.717,11.7,11.5475,11.361999999999998,10.886,11.767,11.6585,11.6145,11.2775,12.000499999999999,11.8445,11.6935,11.664,11.543,11.479,11.121500000000001,11.448,11.708,12.14,11.8095,11.228,11.514,11.717,11.8125
Snrpe,9.7395,9.904,9.7745,10.201,9.832,10.125,9.734,9.281,10.562,10.245999999999999,10.3295,9.7745,10.5205,10.471499999999999,10.158,9.6985,9.84,10.029,10.2,9.584,10.307500000000001,9.626,9.6705,9.7905,9.865,10.030999999999999,10.376,10.392,9.690999999999999,9.7785,10.285499999999999,9.524000000000001,9.693,9.6195,10.202,9.902000000000001,10.211,10.133,10.2825,10.198,9.7155,9.8975,9.725,10.259,10.166
Stab2,7.667,7.5805,7.4895,7.626,7.657,10.1745,7.576,9.763,10.239,10.048,7.563000000000001,7.558,9.665500000000002,7.525499999999999,10.474,7.715999999999999,7.422,7.47,7.577500000000001,9.5015,7.4825,7.743,7.641,7.45,7.5405,7.448499999999999,10.171,7.5184999999999995,10.225999999999999,8.7175,7.5440000000000005,7.6325,7.682,7.723,7.645,7.65,7.606,7.551,7.585,7.519500000000001,7.527,7.5295000000000005,7.582000000000001,7.651,7.3645
Tmem203,10.2585,10.004000000000001,10.0875,10.213,9.5525,9.697,10.283,10.365,10.265,9.644,9.692499999999999,10.2745,10.159500000000001,9.54,9.597,10.268,10.519,9.488,10.2405,9.675,9.626000000000001,9.62,10.093,9.5885,10.196000000000002,9.706,9.7,10.295,9.4795,9.6795,10.269,9.585,9.665,10.139,9.541,9.619,10.073,9.55,9.6205,9.775,9.6145,10.1015,9.704,10.229,9.719000000000001
Tmem254b,10.719,10.313500000000001,10.844999999999999,10.23,10.7745,10.316500000000001,10.591,10.281,10.56,11.159,10.288,10.315,10.5815,10.46,10.178,9.4205,10.644,10.362,10.4835,10.6645,10.187000000000001,9.907,10.769,10.705,10.704,10.6555,10.661,9.643,10.8045,10.9355,10.6735,11.373999999999999,11.0045,10.618500000000001,10.472,10.725000000000001,10.1065,10.621,10.3955,10.940999999999999,10.8055,10.4785,10.906500000000001,9.4195,10.8155
Tmem260,10.2985,9.587,10.1945,10.176,9.5545,9.4485,9.631,9.585,10.287,10.3095,9.791,9.5975,9.5425,9.623000000000001,9.477,9.5365,9.711,10.464,9.597999999999999,9.6305,9.515,9.414,9.475,10.248000000000001,9.5625,9.470500000000001,10.255,9.4755,10.336,10.4245,9.6435,9.540500000000002,9.5275,9.4805,9.719,9.599499999999999,10.089,10.032,10.345500000000001,9.531500000000001,9.5785,9.5725,9.5545,9.441,9.3905
Ubl5,9.938,10.081,10.785499999999999,10.947,10.842500000000001,10.9385,10.513,10.714,10.327,10.906,10.4375,10.611,10.3025,10.435500000000001,10.332,10.199,11.238,10.483,11.121500000000001,11.109,10.592500000000001,11.2,10.699,10.613,10.504,10.4185,10.898,10.8645,10.624,10.777000000000001,11.1035,11.281500000000001,10.614,10.55,10.724,10.376000000000001,10.277999999999999,10.686,10.8505,11.0825,10.8,10.0055,11.229,10.776499999999999,11.2075
Ublcp1,7.494,9.9665,9.8955,10.037,7.643,9.998000000000001,7.304,6.925,9.871,7.32,7.519,7.8235,7.665,7.6265,9.669,9.539,7.015,10.318,10.1715,9.8595,7.709,7.607,9.8795,7.4735,7.7785,10.218,9.838,10.126999999999999,7.4655000000000005,10.143,9.690999999999999,9.7835,8.2745,7.172000000000001,7.209,7.7475000000000005,9.706,10.135,7.468,7.806,10.058,7.390499999999999,10.0775,9.935500000000001,9.997
Wdr83os,10.32,10.042000000000002,11.0105,10.513,10.967500000000001,10.5585,10.812,11.037,10.354,10.951,10.846499999999999,10.4855,10.2295,10.2285,10.714,10.739,10.767,10.214,10.6475,11.21,10.720500000000001,11.421,10.4065,10.9495,10.781500000000001,10.6385,10.489,11.0085,10.351500000000001,10.530999999999999,10.793,11.155999999999999,10.408,10.26,10.946,10.794,10.374,10.574,10.5445,10.617999999999999,10.518,10.681000000000001,10.618500000000001,10.995000000000001,11.173
Wsb1,10.6675,10.927,10.4805,9.263,9.8975,10.3335,10.283,10.255,10.353,10.346,10.484,10.3065,10.4965,10.5105,10.686,10.0015,10.123,9.519,9.991,10.030999999999999,10.464500000000001,9.81,10.0335,10.359,9.6685,10.0775,10.325,10.182500000000001,10.483,9.271,10.381,10.341999999999999,9.825,10.128,10.276,9.650500000000001,10.522,9.806,10.2705,10.127500000000001,10.1585,10.5465,10.371,10.379000000000001,10.487
Xist,9.368,9.120000000000001,9.6265,7.224,9.2145,9.143,6.52,11.898,11.779,9.468,9.154,9.137,9.201,9.198,6.591,9.768,11.738,6.487,8.8955,9.1845,9.181000000000001,6.642,9.2,9.2515,9.1985,9.0475,12.016,9.187000000000001,9.363,9.042,9.292,9.371,9.253,9.1005,12.116,9.013,9.26,6.454,9.09,9.089500000000001,9.278,9.463000000000001,9.3225,9.5965,9.2255
Zbtb16,9.6115,9.397,9.7695,10.749,10.175,9.508,9.816,9.681,9.494,9.7315,9.503499999999999,9.828,9.5615,9.616,10.048,9.29,9.593,10.197,10.1525,9.747,9.549,10.409,9.416,9.806000000000001,9.8585,9.5555,9.46,9.529,10.3755,9.939499999999999,9.7985,9.6305,9.599,9.3545,9.576,9.6695,9.6095,9.175,9.9545,9.7065,9.693,9.7655,9.7865,9.838000000000001,9.534500000000001
mt-Te,11.273,11.146999999999998,10.551,10.77,10.5235,10.8315,10.967,10.514,10.012,11.221,11.3785,11.07,10.239,10.807500000000001,10.625,9.806999999999999,10.729,10.528,10.553999999999998,10.7195,11.107,10.408,11.436499999999999,10.887,10.774999999999999,10.4895,11.497,10.67,10.940000000000001,10.307500000000001,10.765,10.5415,10.2405,10.533999999999999,10.52,10.332,11.0435,10.621,10.7165,10.407,10.545,10.2455,10.6235,10.949,11.081
mt-Th,8.993,9.7765,9.6615,9.902,9.9385,9.3645,9.689,8.471,9.267,9.731,9.471,9.3025,9.514,9.866499999999998,8.855,9.1615,10.484,9.868,9.685500000000001,9.599499999999999,9.548,8.797,9.506,9.411000000000001,9.6735,9.6415,9.441,9.549,9.06,9.404499999999999,9.326,9.5945,9.641,9.411999999999999,8.783,9.5265,9.297,9.662,9.68,9.4525,9.3895,9.329,9.204999999999998,9.244,9.5485
mt-Tk,9.711,10.597999999999999,10.4515,10.59,10.8245,10.1715,10.563,9.194,10.032,10.6725,10.557500000000001,10.374500000000001,10.3025,10.5735,10.372,10.1255,10.522,10.414,10.396,10.447,10.557,9.257,10.648,10.447,10.5735,10.393,10.311,10.4865,9.928,10.209,10.3735,10.4345,10.4755,10.406500000000001,9.914,10.408999999999999,10.2205,10.335,10.602,10.3755,10.441,10.348500000000001,10.225000000000001,10.219999999999999,10.386
mt-Tm,11.597,11.508,11.530000000000001,11.784,11.721,11.3215,11.587,10.753,11.451,11.8375,11.719000000000001,11.477,11.375499999999999,11.753499999999999,11.072,11.17,11.445,10.913,11.5435,11.7385,11.8195,10.671,11.632,11.4015,11.5775,11.3415,11.563,11.531500000000001,11.289000000000001,11.211500000000001,11.3415,11.011,11.56,11.3805,10.659,11.4665,11.416,12.223,11.786999999999999,11.4865,11.3265,11.2475,11.137,11.2775,11.253499999999999
mt-Tr,9.9665,10.226500000000001,9.849,9.934,9.8925,9.624500000000001,9.879,9.335,9.425,10.314499999999999,10.201,10.2475,9.98,10.279,9.346,8.831,9.847,10.324,10.205,10.0345,9.902999999999999,9.37,10.3045,9.893,10.201,9.98,9.889,9.8475,9.616499999999998,9.5515,9.5695,9.7675,9.9055,9.506499999999999,9.193,9.713000000000001,9.894,9.883,10.1795,9.7965,9.9565,9.762,9.7045,9.379,9.827
n-R5s25,9.351500000000001,9.621500000000001,8.925,10.007,9.5025,9.072,9.358,9.051,9.766,9.2785,9.0715,9.623999999999999,9.090499999999999,9.1065,9.148,9.2795,8.76,9.249,9.552,9.507,8.841999999999999,9.708,9.847999999999999,8.887,9.389,9.180499999999999,8.621,9.278,8.922,9.4715,9.063500000000001,9.049,9.8525,9.819500000000001,8.798,9.329,9.511500000000002,9.569,9.100000000000001,9.224,9.206499999999998,9.478,8.8615,9.016,9.252500000000001
